1,12/15/2022-15:03:55,41,6,6,4,5,2,7,2,1,2,8e5aef5a-7c89-11ed-a256-cb1082eb2227
2,12/15/2022-15:04:24,81,1,5,3,2,5,2,2,2,1,8e5aef5a-7c89-11ed-a256-cb1082eb2227
3,12/15/2022-15:05:29,12,2,3,2,1,2,1,2,1,2,8e5aef5a-7c89-11ed-a256-cb1082eb2227
4,12/15/2022-15:06:14,14,1,1,2,7,1,2,5,1,1,8e5aef5a-7c89-11ed-a256-cb1082eb2227
5,12/15/2022-15:06:51,4,1,7,5,2,1,6,3,2,2,8e5aef5a-7c89-11ed-a256-cb1082eb2227
6,12/15/2022-15:07:11,21,7,7,7,5,5,6,7,4,3,8e5aef5a-7c89-11ed-a256-cb1082eb2227
7,12/15/2022-15:07:37,11,7,1,1,7,1,7,4,1,1,8e5aef5a-7c89-11ed-a256-cb1082eb2227
8,12/15/2022-15:08:33,83,6,1,7,7,7,6,7,7,6,8e5aef5a-7c89-11ed-a256-cb1082eb2227
9,12/15/2022-15:09:19,91,1,1,2,2,3,2,1,3,5,8e5aef5a-7c89-11ed-a256-cb1082eb2227
10,12/15/2022-15:09:55,72,7,7,7,4,4,5,5,4,6,8e5aef5a-7c89-11ed-a256-cb1082eb2227
11,12/15/2022-15:11:17,29,1,1,2,3,3,4,4,2,4,8e5aef5a-7c89-11ed-a256-cb1082eb2227
12,12/15/2022-15:12:21,5,6,3,2,2,2,2,2,1,1,8e5aef5a-7c89-11ed-a256-cb1082eb2227
13,12/15/2022-15:12:48,79,6,7,7,7,6,6,7,7,7,8e5aef5a-7c89-11ed-a256-cb1082eb2227
14,12/15/2022-15:13:27,7,5,3,3,3,3,7,4,4,4,8e5aef5a-7c89-11ed-a256-cb1082eb2227
15,12/15/2022-15:14:39,42,7,7,5,5,4,6,5,3,3,8e5aef5a-7c89-11ed-a256-cb1082eb2227
16,12/15/2022-15:15:51,85,1,2,6,6,6,7,7,7,7,8e5aef5a-7c89-11ed-a256-cb1082eb2227
17,12/15/2022-15:16:17,103,6,2,7,5,4,4,4,4,4,8e5aef5a-7c89-11ed-a256-cb1082eb2227
18,12/15/2022-15:16:41,32,7,3,3,3,2,2,4,2,1,8e5aef5a-7c89-11ed-a256-cb1082eb2227
19,12/15/2022-15:17:01,58,7,7,7,7,7,7,4,4,4,8e5aef5a-7c89-11ed-a256-cb1082eb2227
20,12/15/2022-15:17:31,30,7,7,7,4,4,4,2,2,1,8e5aef5a-7c89-11ed-a256-cb1082eb2227
21,12/15/2022-15:21:42,90,1,1,6,6,5,4,2,2,5,1e1a36e4-7c8c-11ed-a256-cb1082eb2227
22,12/15/2022-15:22:19,11,1,2,5,6,5,5,6,2,4,1e1a36e4-7c8c-11ed-a256-cb1082eb2227
23,12/15/2022-15:22:43,90,1,1,5,5,4,5,3,2,3,2b5c8442-7c8c-11ed-a256-cb1082eb2227
24,12/15/2022-15:22:51,86,1,1,6,5,5,5,5,6,5,1e1a36e4-7c8c-11ed-a256-cb1082eb2227
25,12/15/2022-15:23:08,11,2,5,2,2,1,6,2,2,1,2b5c8442-7c8c-11ed-a256-cb1082eb2227
26,12/15/2022-15:23:31,86,1,1,7,6,4,4,7,6,6,2b5c8442-7c8c-11ed-a256-cb1082eb2227
27,12/15/2022-15:23:53,94,1,1,6,3,5,4,3,2,2,2b5c8442-7c8c-11ed-a256-cb1082eb2227
28,12/15/2022-15:24:02,94,1,1,7,6,6,5,2,2,3,1e1a36e4-7c8c-11ed-a256-cb1082eb2227
29,12/15/2022-15:24:08,83,1,1,4,4,4,4,7,7,7,2b5c8442-7c8c-11ed-a256-cb1082eb2227
30,12/15/2022-15:24:23,84,1,1,5,5,4,4,7,7,7,2b5c8442-7c8c-11ed-a256-cb1082eb2227
31,12/15/2022-15:24:32,83,1,1,6,6,7,6,7,7,7,1e1a36e4-7c8c-11ed-a256-cb1082eb2227
32,12/15/2022-15:24:54,84,1,1,6,7,6,7,7,7,7,1e1a36e4-7c8c-11ed-a256-cb1082eb2227
33,12/15/2022-15:25:22,69,7,7,7,6,5,6,3,2,3,2b5c8442-7c8c-11ed-a256-cb1082eb2227
34,12/15/2022-15:25:28,69,7,7,3,3,5,4,3,5,4,1e1a36e4-7c8c-11ed-a256-cb1082eb2227
35,12/15/2022-15:25:42,44,7,7,3,5,6,7,3,3,3,2b5c8442-7c8c-11ed-a256-cb1082eb2227
36,12/15/2022-15:25:58,69,6,7,5,4,2,5,4,5,4,abaecccc-7c8c-11ed-a256-cb1082eb2227
37,12/15/2022-15:26:02,39,6,7,5,5,5,4,4,4,3,2b5c8442-7c8c-11ed-a256-cb1082eb2227
38,12/15/2022-15:26:21,89,1,1,4,6,6,6,4,3,3,2b5c8442-7c8c-11ed-a256-cb1082eb2227
39,12/15/2022-15:26:47,55,7,2,5,5,3,6,3,3,2,2b5c8442-7c8c-11ed-a256-cb1082eb2227
40,12/15/2022-15:26:55,44,7,7,7,7,6,7,5,5,4,1e1a36e4-7c8c-11ed-a256-cb1082eb2227
41,12/15/2022-15:27:10,30,1,3,3,3,5,6,2,3,2,2b5c8442-7c8c-11ed-a256-cb1082eb2227
42,12/15/2022-15:27:16,39,7,7,7,7,7,7,4,2,5,1e1a36e4-7c8c-11ed-a256-cb1082eb2227
43,12/15/2022-15:27:22,60,7,7,7,7,7,7,5,5,4,abaecccc-7c8c-11ed-a256-cb1082eb2227
44,12/15/2022-15:27:24,16,1,1,1,1,1,1,1,1,1,2b5c8442-7c8c-11ed-a256-cb1082eb2227
45,12/15/2022-15:27:30,89,1,1,6,5,6,5,2,1,1,1e1a36e4-7c8c-11ed-a256-cb1082eb2227
46,12/15/2022-15:27:42,9,1,1,2,7,7,7,4,1,1,2b5c8442-7c8c-11ed-a256-cb1082eb2227
47,12/15/2022-15:27:59,35,1,1,5,7,7,7,4,4,2,2b5c8442-7c8c-11ed-a256-cb1082eb2227
48,12/15/2022-15:28:01,55,5,6,5,5,6,7,4,4,4,1e1a36e4-7c8c-11ed-a256-cb1082eb2227
49,12/15/2022-15:28:23,60,7,6,6,7,4,4,5,3,3,2b5c8442-7c8c-11ed-a256-cb1082eb2227
50,12/15/2022-15:28:25,30,1,3,6,6,5,3,7,7,7,1e1a36e4-7c8c-11ed-a256-cb1082eb2227
51,12/15/2022-15:28:38,69,2,5,4,5,4,3,4,4,4,fe68d9b2-7c8c-11ed-a256-cb1082eb2227
52,12/15/2022-15:28:48,16,1,1,2,2,1,1,1,1,1,1e1a36e4-7c8c-11ed-a256-cb1082eb2227
53,12/15/2022-15:28:50,73,5,3,5,5,5,4,6,3,4,2b5c8442-7c8c-11ed-a256-cb1082eb2227
54,12/15/2022-15:29:05,87,1,1,1,1,2,3,7,7,1,2b5c8442-7c8c-11ed-a256-cb1082eb2227
55,12/15/2022-15:29:06,9,1,1,6,6,5,7,3,3,3,1e1a36e4-7c8c-11ed-a256-cb1082eb2227
56,12/15/2022-15:29:17,35,1,1,4,7,7,7,4,4,4,1e1a36e4-7c8c-11ed-a256-cb1082eb2227
57,12/15/2022-15:29:23,22,1,1,5,4,3,5,4,2,1,2b5c8442-7c8c-11ed-a256-cb1082eb2227
58,12/15/2022-15:29:26,60,6,7,6,6,6,6,4,4,4,fe68d9b2-7c8c-11ed-a256-cb1082eb2227
59,12/15/2022-15:30:01,21,1,6,4,5,3,3,4,4,4,fe68d9b2-7c8c-11ed-a256-cb1082eb2227
60,12/15/2022-15:30:10,69,5,6,2,2,3,4,4,3,3,381d9da0-7c8d-11ed-a256-cb1082eb2227
61,12/15/2022-15:31:05,60,7,7,7,7,4,4,4,5,5,381d9da0-7c8d-11ed-a256-cb1082eb2227
62,12/15/2022-15:31:11,88,1,5,5,5,5,6,4,4,4,fe68d9b2-7c8c-11ed-a256-cb1082eb2227
63,12/15/2022-15:31:19,60,7,6,3,7,7,5,4,4,4,1e1a36e4-7c8c-11ed-a256-cb1082eb2227
64,12/15/2022-15:31:45,73,7,7,6,5,6,5,4,5,5,1e1a36e4-7c8c-11ed-a256-cb1082eb2227
65,12/15/2022-15:32:01,87,1,1,3,3,3,3,2,5,4,1e1a36e4-7c8c-11ed-a256-cb1082eb2227
66,12/15/2022-15:32:07,21,1,1,6,5,5,5,4,4,4,381d9da0-7c8d-11ed-a256-cb1082eb2227
67,12/15/2022-15:32:08,11,2,4,4,3,5,5,4,3,4,fe68d9b2-7c8c-11ed-a256-cb1082eb2227
68,12/15/2022-15:33:10,36,1,2,5,3,4,6,3,3,3,fe68d9b2-7c8c-11ed-a256-cb1082eb2227
69,12/15/2022-15:33:42,22,2,1,1,4,3,3,3,4,2,1e1a36e4-7c8c-11ed-a256-cb1082eb2227
70,12/15/2022-15:33:54,15,1,1,2,2,2,1,2,3,4,1e1a36e4-7c8c-11ed-a256-cb1082eb2227
71,12/15/2022-15:34:07,49,7,7,5,3,3,5,4,3,4,fe68d9b2-7c8c-11ed-a256-cb1082eb2227
72,12/15/2022-15:34:10,88,1,1,7,5,5,5,6,6,6,381d9da0-7c8d-11ed-a256-cb1082eb2227
73,12/15/2022-15:34:21,12,3,1,3,4,3,4,2,1,4,1e1a36e4-7c8c-11ed-a256-cb1082eb2227
74,12/15/2022-15:34:44,41,7,7,7,6,7,6,5,4,4,1e1a36e4-7c8c-11ed-a256-cb1082eb2227
75,12/15/2022-15:34:58,84,1,1,4,4,3,5,6,5,6,fe68d9b2-7c8c-11ed-a256-cb1082eb2227
76,12/15/2022-15:35:00,2,1,1,3,4,3,6,5,5,4,1e1a36e4-7c8c-11ed-a256-cb1082eb2227
77,12/15/2022-15:35:02,11,1,1,4,3,2,4,3,2,4,381d9da0-7c8d-11ed-a256-cb1082eb2227
78,12/15/2022-15:35:16,56,7,7,7,7,5,4,6,5,6,1e1a36e4-7c8c-11ed-a256-cb1082eb2227
79,12/15/2022-15:35:31,72,7,7,7,7,7,6,7,7,7,1e1a36e4-7c8c-11ed-a256-cb1082eb2227
80,12/15/2022-15:35:41,48,6,7,6,6,5,4,4,4,3,fe68d9b2-7c8c-11ed-a256-cb1082eb2227
81,12/15/2022-15:36:05,36,1,1,7,7,7,7,4,4,4,381d9da0-7c8d-11ed-a256-cb1082eb2227
82,12/15/2022-15:36:20,104,1,1,4,3,2,6,3,4,3,fe68d9b2-7c8c-11ed-a256-cb1082eb2227
83,12/15/2022-15:36:37,49,7,7,3,2,2,2,3,4,3,381d9da0-7c8d-11ed-a256-cb1082eb2227
84,12/15/2022-15:37:03,96,1,1,3,3,3,4,4,5,4,fe68d9b2-7c8c-11ed-a256-cb1082eb2227
85,12/15/2022-15:37:32,84,1,1,6,5,5,4,6,6,6,381d9da0-7c8d-11ed-a256-cb1082eb2227
86,12/15/2022-15:37:46,62,6,7,5,5,6,6,4,4,4,fe68d9b2-7c8c-11ed-a256-cb1082eb2227
87,12/15/2022-15:38:01,89,1,2,3,3,4,6,3,3,3,230786b4-7c8e-11ed-a256-cb1082eb2227
88,12/15/2022-15:38:16,48,7,7,7,7,5,5,4,4,4,381d9da0-7c8d-11ed-a256-cb1082eb2227
89,12/15/2022-15:38:31,43,7,7,6,5,5,5,4,4,4,fe68d9b2-7c8c-11ed-a256-cb1082eb2227
90,12/15/2022-15:38:50,65,7,7,7,7,7,7,4,4,4,230786b4-7c8e-11ed-a256-cb1082eb2227
91,12/15/2022-15:38:53,104,1,1,6,5,5,4,5,6,5,381d9da0-7c8d-11ed-a256-cb1082eb2227
92,12/15/2022-15:39:31,63,5,5,2,3,3,3,3,4,3,fe68d9b2-7c8c-11ed-a256-cb1082eb2227
93,12/15/2022-15:39:47,96,1,1,3,3,3,3,3,4,4,381d9da0-7c8d-11ed-a256-cb1082eb2227
94,12/15/2022-15:40:07,89,1,3,4,3,3,4,3,3,3,9abc5c52-7c8e-11ed-a256-cb1082eb2227
95,12/15/2022-15:40:12,62,7,7,7,6,6,5,4,3,3,381d9da0-7c8d-11ed-a256-cb1082eb2227
96,12/15/2022-15:40:24,53,7,7,7,6,6,6,4,4,4,fe68d9b2-7c8c-11ed-a256-cb1082eb2227
97,12/15/2022-15:40:43,43,7,7,7,7,6,6,4,2,4,381d9da0-7c8d-11ed-a256-cb1082eb2227
98,12/15/2022-15:41:03,72,6,6,5,5,4,6,4,3,4,fe68d9b2-7c8c-11ed-a256-cb1082eb2227
99,12/15/2022-15:41:10,65,7,7,5,5,5,6,4,3,4,9abc5c52-7c8e-11ed-a256-cb1082eb2227
100,12/15/2022-15:41:23,63,4,4,1,1,1,1,2,4,2,381d9da0-7c8d-11ed-a256-cb1082eb2227
101,12/15/2022-15:41:57,17,3,5,5,5,5,5,5,5,5,9abc5c52-7c8e-11ed-a256-cb1082eb2227
102,12/15/2022-15:42:00,25,2,2,4,5,5,4,3,3,4,fe68d9b2-7c8c-11ed-a256-cb1082eb2227
103,12/15/2022-15:42:04,53,5,5,3,3,3,4,5,4,5,381d9da0-7c8d-11ed-a256-cb1082eb2227
104,12/15/2022-15:42:38,98,1,3,3,3,3,4,4,4,4,9abc5c52-7c8e-11ed-a256-cb1082eb2227
105,12/15/2022-15:42:39,18,1,1,2,2,2,3,3,4,3,fe68d9b2-7c8c-11ed-a256-cb1082eb2227
106,12/15/2022-15:42:48,72,5,6,5,5,6,6,5,4,4,381d9da0-7c8d-11ed-a256-cb1082eb2227
107,12/15/2022-15:43:08,44,7,7,5,5,5,6,4,4,5,9abc5c52-7c8e-11ed-a256-cb1082eb2227
108,12/15/2022-15:43:31,108,1,1,3,4,3,5,6,7,6,fe68d9b2-7c8c-11ed-a256-cb1082eb2227
109,12/15/2022-15:43:35,45,7,7,5,4,3,4,4,4,3,9abc5c52-7c8e-11ed-a256-cb1082eb2227
110,12/15/2022-15:43:38,21,1,7,7,6,6,7,4,3,3,abaecccc-7c8c-11ed-a256-cb1082eb2227
111,12/15/2022-15:43:46,25,1,1,5,6,4,6,4,4,4,381d9da0-7c8d-11ed-a256-cb1082eb2227
112,12/15/2022-15:44:12,18,1,1,2,2,2,3,3,4,3,381d9da0-7c8d-11ed-a256-cb1082eb2227
113,12/15/2022-15:44:23,25,5,6,5,4,4,5,3,3,3,9abc5c52-7c8e-11ed-a256-cb1082eb2227
114,12/15/2022-15:44:30,88,1,7,3,1,3,4,6,5,5,abaecccc-7c8c-11ed-a256-cb1082eb2227
115,12/15/2022-15:44:37,78,3,1,5,5,4,5,4,4,4,fe68d9b2-7c8c-11ed-a256-cb1082eb2227
116,12/15/2022-15:44:48,108,1,1,6,6,5,4,7,6,7,381d9da0-7c8d-11ed-a256-cb1082eb2227
117,12/15/2022-15:45:00,11,1,7,2,1,2,3,1,3,2,abaecccc-7c8c-11ed-a256-cb1082eb2227
118,12/15/2022-15:45:00,37,6,6,5,3,5,5,5,5,5,9abc5c52-7c8e-11ed-a256-cb1082eb2227
119,12/15/2022-15:45:22,78,1,1,6,6,5,5,7,5,7,381d9da0-7c8d-11ed-a256-cb1082eb2227
120,12/15/2022-15:45:33,56,7,7,5,6,5,4,5,4,3,9abc5c52-7c8e-11ed-a256-cb1082eb2227
121,12/15/2022-15:45:43,56,6,6,6,6,4,5,4,5,4,fe68d9b2-7c8c-11ed-a256-cb1082eb2227
122,12/15/2022-15:46:08,71,7,7,6,6,5,5,3,3,3,9abc5c52-7c8e-11ed-a256-cb1082eb2227
123,12/15/2022-15:46:10,19,1,1,4,4,2,5,4,4,4,fe68d9b2-7c8c-11ed-a256-cb1082eb2227
124,12/15/2022-15:46:36,66,7,7,6,6,3,5,3,3,5,9abc5c52-7c8e-11ed-a256-cb1082eb2227
125,12/15/2022-15:46:57,28,1,1,3,3,2,5,4,5,4,fe68d9b2-7c8c-11ed-a256-cb1082eb2227
126,12/15/2022-15:47:05,19,2,2,5,3,3,3,4,4,5,9abc5c52-7c8e-11ed-a256-cb1082eb2227
127,12/15/2022-15:47:26,87,1,1,3,3,2,4,4,5,2,fe68d9b2-7c8c-11ed-a256-cb1082eb2227
128,12/15/2022-15:47:53,101,1,2,3,5,5,4,7,6,7,9abc5c52-7c8e-11ed-a256-cb1082eb2227
129,12/15/2022-15:48:12,29,4,3,4,3,3,5,4,2,4,fe68d9b2-7c8c-11ed-a256-cb1082eb2227
130,12/15/2022-15:48:17,68,7,7,3,5,3,6,4,4,4,9abc5c52-7c8e-11ed-a256-cb1082eb2227
131,12/15/2022-15:48:51,7,3,3,5,5,5,5,3,3,3,9abc5c52-7c8e-11ed-a256-cb1082eb2227
132,12/15/2022-15:49:26,26,5,5,5,5,5,5,5,3,5,9abc5c52-7c8e-11ed-a256-cb1082eb2227
133,12/15/2022-15:50:07,99,2,3,4,3,5,5,5,4,5,9abc5c52-7c8e-11ed-a256-cb1082eb2227
134,12/15/2022-15:50:42,97,2,3,5,3,3,3,5,5,5,9abc5c52-7c8e-11ed-a256-cb1082eb2227
135,12/15/2022-15:51:26,15,6,5,5,5,5,5,5,3,3,9abc5c52-7c8e-11ed-a256-cb1082eb2227
136,12/15/2022-15:51:32,89,1,7,7,7,7,4,5,5,5,417b405c-7c90-11ed-a256-cb1082eb2227
137,12/15/2022-15:51:53,65,7,7,7,7,4,4,4,4,4,417b405c-7c90-11ed-a256-cb1082eb2227
138,12/15/2022-15:51:59,3,6,6,6,6,3,5,3,4,5,9abc5c52-7c8e-11ed-a256-cb1082eb2227
139,12/15/2022-15:52:43,74,1,2,5,5,3,4,4,3,4,9abc5c52-7c8e-11ed-a256-cb1082eb2227
140,12/15/2022-15:53:11,31,5,6,3,3,3,3,3,3,3,9abc5c52-7c8e-11ed-a256-cb1082eb2227
141,12/15/2022-15:53:50,63,7,7,6,5,3,3,4,3,4,9abc5c52-7c8e-11ed-a256-cb1082eb2227
142,12/15/2022-15:54:12,64,6,7,6,5,5,4,5,6,5,9abc5c52-7c8e-11ed-a256-cb1082eb2227
143,12/15/2022-15:54:44,75,2,3,3,3,3,5,4,3,3,9abc5c52-7c8e-11ed-a256-cb1082eb2227
144,12/15/2022-15:55:02,36,1,7,6,5,2,3,1,3,2,abaecccc-7c8c-11ed-a256-cb1082eb2227
145,12/15/2022-15:55:25,49,7,7,1,1,1,1,1,3,1,abaecccc-7c8c-11ed-a256-cb1082eb2227
146,12/15/2022-15:56:00,84,1,7,5,6,4,4,7,7,7,abaecccc-7c8c-11ed-a256-cb1082eb2227
147,12/15/2022-15:56:24,48,7,7,7,7,4,7,5,4,4,abaecccc-7c8c-11ed-a256-cb1082eb2227
148,12/15/2022-15:58:01,104,1,7,2,2,2,3,4,6,4,abaecccc-7c8c-11ed-a256-cb1082eb2227
149,12/15/2022-15:58:31,96,1,1,4,4,3,7,4,4,4,abaecccc-7c8c-11ed-a256-cb1082eb2227
150,12/15/2022-15:58:54,62,7,7,6,6,6,6,4,4,2,abaecccc-7c8c-11ed-a256-cb1082eb2227
151,12/15/2022-15:59:47,43,7,7,7,7,7,7,4,4,4,abaecccc-7c8c-11ed-a256-cb1082eb2227
152,12/15/2022-16:00:13,63,7,7,3,3,3,4,4,3,3,abaecccc-7c8c-11ed-a256-cb1082eb2227
153,12/15/2022-16:02:18,53,7,7,7,5,5,5,4,4,4,abaecccc-7c8c-11ed-a256-cb1082eb2227
154,12/15/2022-16:02:38,72,7,7,7,7,7,7,4,4,4,abaecccc-7c8c-11ed-a256-cb1082eb2227
155,12/15/2022-16:03:20,25,1,3,4,3,4,3,4,3,3,abaecccc-7c8c-11ed-a256-cb1082eb2227
156,12/15/2022-16:03:49,18,1,7,4,5,4,5,7,7,5,abaecccc-7c8c-11ed-a256-cb1082eb2227
157,12/15/2022-16:04:30,108,1,7,6,5,7,5,5,6,6,abaecccc-7c8c-11ed-a256-cb1082eb2227
158,12/15/2022-16:05:11,78,1,7,5,4,4,3,7,6,6,abaecccc-7c8c-11ed-a256-cb1082eb2227
159,12/15/2022-16:06:10,56,7,7,3,2,2,3,4,4,2,abaecccc-7c8c-11ed-a256-cb1082eb2227
160,12/15/2022-16:06:45,19,1,1,4,4,4,4,6,5,5,abaecccc-7c8c-11ed-a256-cb1082eb2227
161,12/15/2022-16:07:43,28,1,1,7,7,7,7,7,7,6,abaecccc-7c8c-11ed-a256-cb1082eb2227
162,12/15/2022-16:08:03,87,1,1,3,2,3,4,6,7,4,abaecccc-7c8c-11ed-a256-cb1082eb2227
163,12/15/2022-16:08:21,29,1,7,2,2,1,2,2,1,1,abaecccc-7c8c-11ed-a256-cb1082eb2227
164,12/15/2022-16:18:26,89,1,5,4,6,4,4,3,3,3,fbd17b12-7c93-11ed-a256-cb1082eb2227
165,12/15/2022-16:19:02,65,7,7,7,7,4,4,4,4,4,fbd17b12-7c93-11ed-a256-cb1082eb2227
166,12/15/2022-16:19:44,17,3,6,7,7,4,4,4,4,4,fbd17b12-7c93-11ed-a256-cb1082eb2227
167,12/15/2022-16:21:27,98,1,1,3,7,4,4,4,4,4,fbd17b12-7c93-11ed-a256-cb1082eb2227
168,12/15/2022-16:22:04,44,7,7,7,7,7,6,3,3,3,fbd17b12-7c93-11ed-a256-cb1082eb2227
169,12/15/2022-16:22:39,45,7,7,7,7,6,7,4,4,4,fbd17b12-7c93-11ed-a256-cb1082eb2227
170,12/15/2022-16:23:29,25,1,6,3,3,3,3,3,3,2,fbd17b12-7c93-11ed-a256-cb1082eb2227
171,12/15/2022-16:24:15,37,1,6,7,4,4,5,5,5,5,fbd17b12-7c93-11ed-a256-cb1082eb2227
172,12/15/2022-16:24:44,56,7,7,7,7,4,4,5,5,5,fbd17b12-7c93-11ed-a256-cb1082eb2227
173,12/15/2022-16:25:28,71,7,7,7,6,4,4,3,3,3,fbd17b12-7c93-11ed-a256-cb1082eb2227
174,12/15/2022-16:25:58,66,7,7,7,7,3,4,4,4,4,fbd17b12-7c93-11ed-a256-cb1082eb2227
175,12/15/2022-16:26:51,19,1,7,2,3,2,3,4,4,4,fbd17b12-7c93-11ed-a256-cb1082eb2227
176,12/15/2022-16:27:42,101,1,1,1,1,4,4,6,7,7,fbd17b12-7c93-11ed-a256-cb1082eb2227
177,12/15/2022-16:28:12,68,7,7,7,7,3,3,3,3,4,fbd17b12-7c93-11ed-a256-cb1082eb2227
178,12/15/2022-16:28:46,7,1,6,6,6,4,4,4,4,4,fbd17b12-7c93-11ed-a256-cb1082eb2227
179,12/15/2022-16:29:37,26,1,6,4,7,7,7,4,4,3,fbd17b12-7c93-11ed-a256-cb1082eb2227
180,12/15/2022-16:30:12,99,1,7,3,3,3,4,4,3,3,fbd17b12-7c93-11ed-a256-cb1082eb2227
181,12/15/2022-16:30:45,97,1,7,3,7,4,3,7,7,7,fbd17b12-7c93-11ed-a256-cb1082eb2227
182,12/15/2022-16:31:19,15,1,7,2,3,2,4,4,4,3,fbd17b12-7c93-11ed-a256-cb1082eb2227
183,12/15/2022-16:31:44,3,1,7,7,7,3,4,4,4,4,fbd17b12-7c93-11ed-a256-cb1082eb2227
184,12/15/2022-16:32:23,106,1,1,3,3,3,4,4,4,3,e8854d0c-7c95-11ed-a256-cb1082eb2227
185,12/15/2022-16:33:12,32,3,4,6,6,6,6,4,4,4,e8854d0c-7c95-11ed-a256-cb1082eb2227
186,12/15/2022-16:34:11,80,1,1,5,4,5,4,3,5,3,e8854d0c-7c95-11ed-a256-cb1082eb2227
187,12/15/2022-16:36:03,18,1,2,3,3,3,5,4,4,3,e8854d0c-7c95-11ed-a256-cb1082eb2227
188,12/15/2022-16:37:00,59,7,7,6,6,6,7,5,3,3,e8854d0c-7c95-11ed-a256-cb1082eb2227
189,12/15/2022-16:37:33,84,1,1,6,7,7,6,7,6,6,e8854d0c-7c95-11ed-a256-cb1082eb2227
190,12/15/2022-16:38:00,68,6,2,1,1,1,1,2,2,1,e8854d0c-7c95-11ed-a256-cb1082eb2227
191,12/15/2022-16:39:00,16,3,1,3,5,5,5,5,5,3,e8854d0c-7c95-11ed-a256-cb1082eb2227
192,12/15/2022-16:39:42,6,6,6,1,1,1,3,1,1,1,e8854d0c-7c95-11ed-a256-cb1082eb2227
193,12/15/2022-16:40:43,60,6,6,2,2,3,4,4,3,3,e8854d0c-7c95-11ed-a256-cb1082eb2227
194,12/15/2022-16:41:21,76,1,1,4,5,7,6,6,6,7,e8854d0c-7c95-11ed-a256-cb1082eb2227
195,12/15/2022-16:41:46,69,6,6,1,1,1,1,2,1,3,e8854d0c-7c95-11ed-a256-cb1082eb2227
196,12/15/2022-16:43:48,106,1,1,5,6,5,5,7,6,5,8ece12d8-7c97-11ed-a256-cb1082eb2227
197,12/15/2022-16:44:20,32,1,1,5,4,5,5,3,3,3,8ece12d8-7c97-11ed-a256-cb1082eb2227
198,12/15/2022-16:44:55,80,1,1,6,5,4,6,5,4,4,8ece12d8-7c97-11ed-a256-cb1082eb2227
199,12/15/2022-16:45:25,18,1,1,3,4,4,6,6,5,4,8ece12d8-7c97-11ed-a256-cb1082eb2227
200,12/15/2022-16:45:59,59,3,5,6,6,5,7,6,4,5,8ece12d8-7c97-11ed-a256-cb1082eb2227
201,12/15/2022-16:46:19,84,1,1,7,7,7,7,7,7,6,8ece12d8-7c97-11ed-a256-cb1082eb2227
202,12/15/2022-16:46:57,68,5,5,5,4,6,5,5,4,4,8ece12d8-7c97-11ed-a256-cb1082eb2227
203,12/15/2022-16:47:25,16,1,1,4,5,6,5,5,4,5,8ece12d8-7c97-11ed-a256-cb1082eb2227
204,12/15/2022-16:48:04,6,1,1,3,5,4,5,3,2,2,8ece12d8-7c97-11ed-a256-cb1082eb2227
205,12/15/2022-16:50:59,60,5,5,6,6,6,6,5,4,5,8ece12d8-7c97-11ed-a256-cb1082eb2227
206,12/15/2022-16:51:50,76,1,1,5,5,5,6,5,4,3,8ece12d8-7c97-11ed-a256-cb1082eb2227
207,12/15/2022-16:52:19,69,5,6,3,3,2,4,3,4,2,8ece12d8-7c97-11ed-a256-cb1082eb2227
208,12/15/2022-16:53:09,104,1,1,6,6,6,7,6,5,5,8ece12d8-7c97-11ed-a256-cb1082eb2227
209,12/15/2022-16:53:35,98,1,1,6,5,7,7,5,4,5,8ece12d8-7c97-11ed-a256-cb1082eb2227
210,12/15/2022-16:54:02,27,3,5,3,2,3,5,3,3,2,8ece12d8-7c97-11ed-a256-cb1082eb2227
211,12/15/2022-16:54:29,23,3,6,4,4,5,3,4,5,5,8ece12d8-7c97-11ed-a256-cb1082eb2227
212,12/15/2022-16:54:45,87,1,1,7,7,7,7,7,7,6,8ece12d8-7c97-11ed-a256-cb1082eb2227
213,12/15/2022-16:55:37,12,3,5,6,5,5,6,5,4,4,8ece12d8-7c97-11ed-a256-cb1082eb2227
214,12/15/2022-16:56:16,108,1,1,5,6,7,6,7,7,7,8ece12d8-7c97-11ed-a256-cb1082eb2227
215,12/15/2022-16:57:29,74,1,1,5,6,7,6,5,3,5,8ece12d8-7c97-11ed-a256-cb1082eb2227
216,12/15/2022-18:09:54,42,7,7,7,4,6,7,6,5,3,8025f4e2-7ca3-11ed-a256-cb1082eb2227
217,12/15/2022-18:10:32,65,7,7,7,7,6,7,4,3,2,8025f4e2-7ca3-11ed-a256-cb1082eb2227
218,12/15/2022-18:11:16,64,7,7,7,7,6,7,5,4,4,8025f4e2-7ca3-11ed-a256-cb1082eb2227
219,12/15/2022-18:12:16,85,1,1,4,4,6,5,7,5,6,8025f4e2-7ca3-11ed-a256-cb1082eb2227
220,12/15/2022-18:13:26,60,7,7,7,7,7,7,4,3,5,8025f4e2-7ca3-11ed-a256-cb1082eb2227
221,12/15/2022-18:14:43,7,1,1,1,4,5,5,4,2,4,8025f4e2-7ca3-11ed-a256-cb1082eb2227
222,12/15/2022-18:15:55,107,1,1,4,4,6,6,7,6,6,8025f4e2-7ca3-11ed-a256-cb1082eb2227
223,12/15/2022-18:16:31,5,1,1,4,4,2,2,1,1,1,8025f4e2-7ca3-11ed-a256-cb1082eb2227
224,12/15/2022-18:17:10,1,1,1,4,4,3,3,3,3,3,8025f4e2-7ca3-11ed-a256-cb1082eb2227
225,12/15/2022-18:18:17,70,7,7,7,7,7,7,4,4,4,8025f4e2-7ca3-11ed-a256-cb1082eb2227
226,12/15/2022-18:19:03,105,1,1,4,6,3,6,6,6,4,8025f4e2-7ca3-11ed-a256-cb1082eb2227
227,12/15/2022-18:19:30,75,1,1,4,4,3,3,2,2,2,8025f4e2-7ca3-11ed-a256-cb1082eb2227
228,12/15/2022-18:21:23,50,7,7,7,7,7,7,5,3,3,8025f4e2-7ca3-11ed-a256-cb1082eb2227
229,12/15/2022-18:22:07,12,3,3,4,4,3,5,3,3,3,8025f4e2-7ca3-11ed-a256-cb1082eb2227
230,12/15/2022-18:22:23,38,7,7,7,7,7,7,5,6,6,8025f4e2-7ca3-11ed-a256-cb1082eb2227
231,12/15/2022-18:22:48,59,7,7,7,7,7,7,4,2,4,8025f4e2-7ca3-11ed-a256-cb1082eb2227
232,12/15/2022-18:23:39,95,1,1,4,4,3,5,4,3,4,8025f4e2-7ca3-11ed-a256-cb1082eb2227
233,12/15/2022-18:23:55,81,1,1,1,1,1,3,1,1,1,8025f4e2-7ca3-11ed-a256-cb1082eb2227
234,12/15/2022-18:24:23,71,7,7,7,7,7,7,4,4,4,8025f4e2-7ca3-11ed-a256-cb1082eb2227
235,12/15/2022-18:25:30,29,1,1,4,4,3,3,3,3,3,8025f4e2-7ca3-11ed-a256-cb1082eb2227
236,12/15/2022-19:11:06,35,1,1,7,7,7,7,4,3,3,2326af44-7cac-11ed-a256-cb1082eb2227
237,12/15/2022-19:11:50,92,1,1,6,4,5,7,6,6,5,2326af44-7cac-11ed-a256-cb1082eb2227
238,12/15/2022-19:12:36,39,6,7,6,6,6,7,4,3,3,2326af44-7cac-11ed-a256-cb1082eb2227
239,12/15/2022-19:13:09,46,7,7,7,7,7,7,4,3,3,2326af44-7cac-11ed-a256-cb1082eb2227
240,12/15/2022-19:22:35,28,1,1,7,7,7,7,6,6,6,2326af44-7cac-11ed-a256-cb1082eb2227
241,12/15/2022-19:23:03,63,6,6,7,7,7,7,4,3,4,2326af44-7cac-11ed-a256-cb1082eb2227
242,12/15/2022-19:23:30,32,1,2,2,3,3,6,3,2,3,2326af44-7cac-11ed-a256-cb1082eb2227
243,12/15/2022-19:24:17,84,1,2,6,7,7,7,7,7,7,2326af44-7cac-11ed-a256-cb1082eb2227
244,12/15/2022-19:24:49,33,1,2,3,3,3,5,4,4,3,2326af44-7cac-11ed-a256-cb1082eb2227
245,12/15/2022-19:25:11,8,1,2,4,5,5,5,2,2,3,2326af44-7cac-11ed-a256-cb1082eb2227
246,12/15/2022-19:25:42,49,7,6,2,2,3,3,3,3,3,2326af44-7cac-11ed-a256-cb1082eb2227
247,12/15/2022-19:29:17,14,1,3,3,3,3,5,4,3,3,2326af44-7cac-11ed-a256-cb1082eb2227
248,12/15/2022-19:29:49,30,1,3,7,7,7,7,5,3,4,2326af44-7cac-11ed-a256-cb1082eb2227
249,12/15/2022-19:34:10,37,1,1,3,3,4,6,6,5,4,2326af44-7cac-11ed-a256-cb1082eb2227
250,12/15/2022-19:35:28,35,1,7,7,6,5,5,4,4,3,89f3cd6c-7caf-11ed-a256-cb1082eb2227
251,12/15/2022-19:35:41,50,6,4,4,5,4,6,5,4,4,2326af44-7cac-11ed-a256-cb1082eb2227
252,12/15/2022-19:36:18,21,1,2,6,7,7,7,6,4,5,2326af44-7cac-11ed-a256-cb1082eb2227
253,12/15/2022-19:36:39,86,1,1,5,5,5,6,5,5,5,2326af44-7cac-11ed-a256-cb1082eb2227
254,12/15/2022-19:36:46,92,1,6,6,6,5,5,6,6,6,89f3cd6c-7caf-11ed-a256-cb1082eb2227
255,12/15/2022-19:37:53,39,7,1,7,7,6,5,4,3,3,89f3cd6c-7caf-11ed-a256-cb1082eb2227
256,12/15/2022-19:38:11,42,6,5,5,5,5,6,5,4,4,2326af44-7cac-11ed-a256-cb1082eb2227
257,12/15/2022-19:38:39,79,1,1,7,7,7,7,7,7,7,2326af44-7cac-11ed-a256-cb1082eb2227
258,12/15/2022-19:39:08,108,1,2,6,7,7,7,7,6,6,2326af44-7cac-11ed-a256-cb1082eb2227
259,12/15/2022-20:05:58,85,1,4,5,6,5,6,7,7,7,b9942dd8-7cb3-11ed-a256-cb1082eb2227
260,12/15/2022-20:06:58,35,2,3,4,5,5,4,4,4,3,f358597c-7cb3-11ed-a256-cb1082eb2227
261,12/15/2022-20:07:36,16,1,2,2,2,3,4,4,4,2,b9942dd8-7cb3-11ed-a256-cb1082eb2227
262,12/15/2022-20:07:37,92,2,2,4,4,3,4,5,4,4,f358597c-7cb3-11ed-a256-cb1082eb2227
263,12/15/2022-20:07:59,39,6,5,3,3,3,4,3,3,3,f358597c-7cb3-11ed-a256-cb1082eb2227
264,12/15/2022-20:08:28,46,6,6,6,6,4,5,4,4,4,f358597c-7cb3-11ed-a256-cb1082eb2227
265,12/15/2022-20:08:29,100,1,4,5,5,5,6,6,6,6,b9942dd8-7cb3-11ed-a256-cb1082eb2227
266,12/15/2022-20:08:49,28,1,2,4,4,4,4,5,4,5,f358597c-7cb3-11ed-a256-cb1082eb2227
267,12/15/2022-20:09:10,63,7,7,7,6,5,4,4,4,4,f358597c-7cb3-11ed-a256-cb1082eb2227
268,12/15/2022-20:09:25,85,1,1,7,5,5,6,7,6,7,4a3c6e54-7cb4-11ed-a256-cb1082eb2227
269,12/15/2022-20:09:30,32,3,3,4,4,4,4,4,4,4,f358597c-7cb3-11ed-a256-cb1082eb2227
270,12/15/2022-20:09:53,84,1,1,4,5,4,4,5,4,5,f358597c-7cb3-11ed-a256-cb1082eb2227
271,12/15/2022-20:10:01,16,2,5,3,3,4,6,4,4,4,4a3c6e54-7cb4-11ed-a256-cb1082eb2227
272,12/15/2022-20:10:35,100,2,1,6,6,5,4,6,6,4,4a3c6e54-7cb4-11ed-a256-cb1082eb2227
273,12/15/2022-20:11:01,48,7,7,7,7,7,4,4,2,4,4a3c6e54-7cb4-11ed-a256-cb1082eb2227
274,12/15/2022-20:11:20,85,2,5,6,6,6,3,6,6,6,8e1faca8-7cb4-11ed-a256-cb1082eb2227
275,12/15/2022-20:11:28,78,1,1,7,7,4,4,6,6,6,4a3c6e54-7cb4-11ed-a256-cb1082eb2227
276,12/15/2022-20:11:49,105,1,1,1,1,1,1,4,7,4,4a3c6e54-7cb4-11ed-a256-cb1082eb2227
277,12/15/2022-20:11:53,16,2,3,3,3,2,5,3,4,3,8e1faca8-7cb4-11ed-a256-cb1082eb2227
278,12/15/2022-20:12:07,96,1,1,7,7,7,7,4,4,4,4a3c6e54-7cb4-11ed-a256-cb1082eb2227
279,12/15/2022-20:12:19,72,7,7,7,7,7,4,4,4,4,4a3c6e54-7cb4-11ed-a256-cb1082eb2227
280,12/15/2022-20:12:30,100,2,6,6,6,6,3,6,5,6,8e1faca8-7cb4-11ed-a256-cb1082eb2227
281,12/15/2022-20:12:40,15,1,1,4,7,7,6,4,4,4,4a3c6e54-7cb4-11ed-a256-cb1082eb2227
282,12/15/2022-20:13:01,48,7,7,7,7,7,7,5,4,5,8e1faca8-7cb4-11ed-a256-cb1082eb2227
283,12/15/2022-20:13:02,106,1,1,1,1,1,1,4,7,4,4a3c6e54-7cb4-11ed-a256-cb1082eb2227
284,12/15/2022-20:13:23,3,1,1,7,7,7,7,4,4,4,4a3c6e54-7cb4-11ed-a256-cb1082eb2227
285,12/15/2022-20:13:31,78,2,6,6,6,6,3,4,4,4,8e1faca8-7cb4-11ed-a256-cb1082eb2227
286,12/15/2022-20:13:37,45,7,7,7,7,7,7,4,4,4,4a3c6e54-7cb4-11ed-a256-cb1082eb2227
287,12/15/2022-20:13:51,88,1,1,7,7,7,4,4,4,4,4a3c6e54-7cb4-11ed-a256-cb1082eb2227
288,12/15/2022-20:13:58,105,2,5,5,5,5,5,4,4,4,8e1faca8-7cb4-11ed-a256-cb1082eb2227
289,12/15/2022-20:14:12,56,7,7,7,7,7,4,4,4,4,4a3c6e54-7cb4-11ed-a256-cb1082eb2227
290,12/15/2022-20:14:28,7,1,1,7,7,7,4,4,3,4,4a3c6e54-7cb4-11ed-a256-cb1082eb2227
291,12/15/2022-20:14:30,96,2,4,5,5,5,5,5,5,5,8e1faca8-7cb4-11ed-a256-cb1082eb2227
292,12/15/2022-20:14:44,18,1,1,7,7,7,4,4,4,4,4a3c6e54-7cb4-11ed-a256-cb1082eb2227
293,12/15/2022-20:14:50,72,7,7,7,7,7,7,6,5,6,8e1faca8-7cb4-11ed-a256-cb1082eb2227
294,12/15/2022-20:15:03,77,1,1,7,7,4,4,6,6,6,4a3c6e54-7cb4-11ed-a256-cb1082eb2227
295,12/15/2022-20:15:14,15,2,6,6,6,6,6,4,4,4,8e1faca8-7cb4-11ed-a256-cb1082eb2227
296,12/15/2022-20:15:24,25,1,1,7,7,4,5,4,3,4,4a3c6e54-7cb4-11ed-a256-cb1082eb2227
297,12/15/2022-20:15:38,106,1,1,6,6,6,6,6,6,6,8e1faca8-7cb4-11ed-a256-cb1082eb2227
298,12/15/2022-20:15:52,23,1,1,3,3,3,3,4,4,4,4a3c6e54-7cb4-11ed-a256-cb1082eb2227
299,12/15/2022-20:16:00,3,2,6,6,6,6,6,5,5,5,8e1faca8-7cb4-11ed-a256-cb1082eb2227
300,12/15/2022-20:16:16,101,1,1,6,6,6,6,6,6,4,4a3c6e54-7cb4-11ed-a256-cb1082eb2227
301,12/15/2022-20:16:20,45,7,7,6,6,6,6,4,4,4,8e1faca8-7cb4-11ed-a256-cb1082eb2227
302,12/15/2022-20:16:45,88,2,6,5,5,6,6,4,4,3,8e1faca8-7cb4-11ed-a256-cb1082eb2227
303,12/15/2022-20:16:59,56,7,7,6,6,6,6,5,5,5,8e1faca8-7cb4-11ed-a256-cb1082eb2227
304,12/15/2022-20:17:23,7,2,6,5,5,5,3,4,3,3,8e1faca8-7cb4-11ed-a256-cb1082eb2227
305,12/15/2022-20:17:50,18,2,6,5,5,4,5,4,3,3,8e1faca8-7cb4-11ed-a256-cb1082eb2227
306,12/15/2022-20:18:23,77,2,6,6,6,5,3,6,6,6,8e1faca8-7cb4-11ed-a256-cb1082eb2227
307,12/15/2022-20:18:50,25,2,6,5,5,5,6,5,3,5,8e1faca8-7cb4-11ed-a256-cb1082eb2227
308,12/15/2022-20:19:21,23,2,6,3,3,3,4,5,5,5,8e1faca8-7cb4-11ed-a256-cb1082eb2227
309,12/15/2022-20:19:45,101,2,2,5,5,4,3,5,5,6,8e1faca8-7cb4-11ed-a256-cb1082eb2227
310,12/15/2022-20:20:16,5,2,6,5,5,5,5,3,2,2,8e1faca8-7cb4-11ed-a256-cb1082eb2227
311,12/15/2022-20:20:44,90,3,6,6,6,6,3,5,5,6,8e1faca8-7cb4-11ed-a256-cb1082eb2227
312,12/15/2022-20:21:06,82,1,6,6,6,6,3,6,6,6,8e1faca8-7cb4-11ed-a256-cb1082eb2227
313,12/15/2022-20:21:26,57,7,7,6,6,6,6,6,4,6,8e1faca8-7cb4-11ed-a256-cb1082eb2227
314,12/15/2022-20:21:37,40,7,7,6,6,6,6,6,4,6,8e1faca8-7cb4-11ed-a256-cb1082eb2227
315,12/15/2022-21:38:18,82,1,1,7,7,7,7,6,5,6,b3c216f6-7cc0-11ed-a256-cb1082eb2227
316,12/15/2022-21:38:45,90,1,1,7,7,7,7,3,2,2,b3c216f6-7cc0-11ed-a256-cb1082eb2227
317,12/15/2022-21:39:20,83,1,1,7,7,7,7,7,6,7,b3c216f6-7cc0-11ed-a256-cb1082eb2227
318,12/15/2022-21:39:54,1,5,5,6,7,6,7,6,5,4,b3c216f6-7cc0-11ed-a256-cb1082eb2227
319,12/15/2022-21:40:32,73,7,7,7,7,7,7,5,4,4,b3c216f6-7cc0-11ed-a256-cb1082eb2227
320,12/15/2022-21:40:48,64,7,7,7,7,7,7,6,6,6,b3c216f6-7cc0-11ed-a256-cb1082eb2227
321,12/15/2022-21:41:06,59,7,7,7,7,7,7,4,2,3,b3c216f6-7cc0-11ed-a256-cb1082eb2227
322,12/15/2022-21:41:23,44,7,7,7,7,7,7,3,2,2,b3c216f6-7cc0-11ed-a256-cb1082eb2227
323,12/15/2022-21:41:48,10,1,1,7,7,7,7,2,2,1,b3c216f6-7cc0-11ed-a256-cb1082eb2227
324,12/15/2022-21:42:07,5,1,1,7,7,7,7,4,3,2,b3c216f6-7cc0-11ed-a256-cb1082eb2227
325,12/15/2022-21:42:25,67,7,7,7,7,7,7,4,4,4,b3c216f6-7cc0-11ed-a256-cb1082eb2227
326,12/15/2022-21:42:45,74,1,1,7,7,7,7,4,3,2,b3c216f6-7cc0-11ed-a256-cb1082eb2227
327,12/15/2022-21:43:02,32,1,1,7,7,7,7,4,4,3,b3c216f6-7cc0-11ed-a256-cb1082eb2227
328,12/15/2022-21:43:20,37,1,1,7,7,7,7,4,5,5,b3c216f6-7cc0-11ed-a256-cb1082eb2227
329,12/15/2022-21:43:29,106,1,1,7,7,7,7,7,7,7,b3c216f6-7cc0-11ed-a256-cb1082eb2227
330,12/15/2022-21:43:43,11,1,1,7,7,7,7,4,2,2,b3c216f6-7cc0-11ed-a256-cb1082eb2227
331,12/15/2022-21:43:51,86,1,1,7,7,7,7,7,7,7,b3c216f6-7cc0-11ed-a256-cb1082eb2227
332,12/15/2022-21:44:15,105,1,1,6,5,3,5,4,4,4,b3c216f6-7cc0-11ed-a256-cb1082eb2227
333,12/15/2022-21:44:27,9,1,1,7,7,7,7,4,3,3,b3c216f6-7cc0-11ed-a256-cb1082eb2227
334,12/15/2022-21:44:45,47,7,7,7,7,7,7,4,4,4,b3c216f6-7cc0-11ed-a256-cb1082eb2227
335,12/15/2022-21:44:58,29,1,1,7,7,7,7,4,3,3,b3c216f6-7cc0-11ed-a256-cb1082eb2227
336,12/15/2022-21:45:14,22,1,1,7,7,7,7,5,4,3,b3c216f6-7cc0-11ed-a256-cb1082eb2227
337,12/15/2022-21:45:28,84,1,1,7,7,7,7,6,5,6,b3c216f6-7cc0-11ed-a256-cb1082eb2227
338,12/15/2022-21:45:44,58,7,7,7,7,7,7,5,5,4,b3c216f6-7cc0-11ed-a256-cb1082eb2227
339,12/15/2022-21:45:58,48,7,7,7,7,7,7,4,4,4,b3c216f6-7cc0-11ed-a256-cb1082eb2227
340,12/15/2022-22:18:35,10,4,5,3,3,4,4,3,3,3,5194461a-7cc6-11ed-a256-cb1082eb2227
341,12/15/2022-22:19:14,98,1,5,7,7,7,6,5,4,5,5194461a-7cc6-11ed-a256-cb1082eb2227
342,12/15/2022-22:19:48,92,1,6,5,5,5,5,4,5,4,5194461a-7cc6-11ed-a256-cb1082eb2227
343,12/15/2022-22:20:09,92,1,5,5,5,5,5,4,4,4,5194461a-7cc6-11ed-a256-cb1082eb2227
344,12/16/2022-00:00:34,73,6,4,6,7,7,7,4,3,3,6aac475c-7cd4-11ed-a256-cb1082eb2227
345,12/16/2022-00:01:30,59,7,6,6,6,6,7,4,2,3,6aac475c-7cd4-11ed-a256-cb1082eb2227
346,12/16/2022-00:02:42,86,1,1,6,7,7,3,6,6,5,6aac475c-7cd4-11ed-a256-cb1082eb2227
347,12/16/2022-00:03:25,17,1,1,6,6,5,6,5,3,4,6aac475c-7cd4-11ed-a256-cb1082eb2227
348,12/16/2022-00:04:12,34,1,1,3,4,5,2,6,4,4,6aac475c-7cd4-11ed-a256-cb1082eb2227
349,12/16/2022-00:04:46,89,1,1,3,4,6,3,4,2,4,6aac475c-7cd4-11ed-a256-cb1082eb2227
350,12/16/2022-00:05:36,67,7,7,7,7,7,7,5,4,5,6aac475c-7cd4-11ed-a256-cb1082eb2227
351,12/16/2022-00:06:01,31,1,1,7,7,7,6,5,2,2,6aac475c-7cd4-11ed-a256-cb1082eb2227
352,12/16/2022-00:06:30,100,1,1,6,5,6,4,4,4,4,6aac475c-7cd4-11ed-a256-cb1082eb2227
353,12/16/2022-00:07:00,58,7,7,7,7,7,7,4,4,4,6aac475c-7cd4-11ed-a256-cb1082eb2227
354,12/16/2022-00:07:46,68,7,6,5,5,5,5,3,3,4,6aac475c-7cd4-11ed-a256-cb1082eb2227
355,12/16/2022-00:08:11,60,7,7,7,7,7,5,4,3,4,6aac475c-7cd4-11ed-a256-cb1082eb2227
356,12/16/2022-00:09:24,26,4,6,7,7,7,6,3,3,2,6aac475c-7cd4-11ed-a256-cb1082eb2227
357,12/16/2022-00:11:09,20,1,1,3,4,3,4,3,6,2,6aac475c-7cd4-11ed-a256-cb1082eb2227
358,12/16/2022-00:11:47,74,1,1,5,7,7,5,6,2,5,6aac475c-7cd4-11ed-a256-cb1082eb2227
359,12/16/2022-00:12:19,41,7,7,6,6,7,7,4,4,4,6aac475c-7cd4-11ed-a256-cb1082eb2227
360,12/16/2022-00:12:53,29,1,1,7,6,7,6,4,3,4,6aac475c-7cd4-11ed-a256-cb1082eb2227
361,12/16/2022-00:13:26,13,1,1,3,3,3,4,3,6,4,6aac475c-7cd4-11ed-a256-cb1082eb2227
362,12/16/2022-00:13:53,27,1,1,6,7,7,5,6,3,4,6aac475c-7cd4-11ed-a256-cb1082eb2227
363,12/16/2022-00:14:17,95,1,1,2,2,3,3,4,4,4,6aac475c-7cd4-11ed-a256-cb1082eb2227
364,12/16/2022-03:01:28,32,2,3,3,3,4,6,2,1,1,d75ec974-7ced-11ed-a256-cb1082eb2227
365,12/16/2022-03:02:01,91,1,2,2,2,1,3,2,1,3,d75ec974-7ced-11ed-a256-cb1082eb2227
366,12/16/2022-03:02:43,86,1,2,3,2,4,6,5,5,4,d75ec974-7ced-11ed-a256-cb1082eb2227
367,12/16/2022-03:03:26,3,2,4,5,5,5,6,4,3,2,d75ec974-7ced-11ed-a256-cb1082eb2227
368,12/16/2022-03:04:02,54,7,7,6,6,6,5,3,3,4,d75ec974-7ced-11ed-a256-cb1082eb2227
369,12/16/2022-03:04:29,2,3,1,1,1,1,2,5,5,5,d75ec974-7ced-11ed-a256-cb1082eb2227
370,12/16/2022-03:05:04,17,2,3,2,2,2,4,5,5,5,d75ec974-7ced-11ed-a256-cb1082eb2227
371,12/16/2022-03:05:33,52,7,7,7,2,2,7,5,4,4,d75ec974-7ced-11ed-a256-cb1082eb2227
372,12/16/2022-03:06:08,21,2,2,5,5,3,7,4,4,4,d75ec974-7ced-11ed-a256-cb1082eb2227
373,12/16/2022-03:06:50,93,1,6,4,5,4,5,6,6,7,d75ec974-7ced-11ed-a256-cb1082eb2227
374,12/16/2022-03:07:15,51,7,7,7,7,7,5,5,4,4,d75ec974-7ced-11ed-a256-cb1082eb2227
375,12/16/2022-07:00:18,73,6,6,6,6,6,6,4,4,4,2c5a3e9c-7d0f-11ed-a256-cb1082eb2227
376,12/16/2022-07:01:11,16,1,2,3,3,5,6,4,4,3,2c5a3e9c-7d0f-11ed-a256-cb1082eb2227
377,12/16/2022-07:02:00,87,1,1,5,4,4,4,7,7,5,2c5a3e9c-7d0f-11ed-a256-cb1082eb2227
378,12/16/2022-07:02:48,76,1,1,6,5,4,4,1,1,2,2c5a3e9c-7d0f-11ed-a256-cb1082eb2227
379,12/16/2022-07:03:26,53,6,6,6,6,6,7,4,4,4,2c5a3e9c-7d0f-11ed-a256-cb1082eb2227
380,12/16/2022-07:03:55,74,1,1,7,6,6,4,2,2,2,2c5a3e9c-7d0f-11ed-a256-cb1082eb2227
381,12/16/2022-07:04:48,45,6,6,5,5,5,6,6,4,5,2c5a3e9c-7d0f-11ed-a256-cb1082eb2227
382,12/16/2022-07:05:32,38,6,6,4,3,4,5,4,4,4,2c5a3e9c-7d0f-11ed-a256-cb1082eb2227
383,12/16/2022-07:06:25,70,6,6,5,5,5,6,2,2,2,2c5a3e9c-7d0f-11ed-a256-cb1082eb2227
384,12/16/2022-07:07:05,95,1,1,5,5,5,4,5,4,6,2c5a3e9c-7d0f-11ed-a256-cb1082eb2227
385,12/16/2022-07:07:48,24,3,3,3,2,2,3,3,4,4,2c5a3e9c-7d0f-11ed-a256-cb1082eb2227
386,12/16/2022-07:08:37,36,1,1,6,6,6,6,4,2,2,2c5a3e9c-7d0f-11ed-a256-cb1082eb2227
387,12/16/2022-07:09:03,13,1,1,2,3,2,2,1,3,1,2c5a3e9c-7d0f-11ed-a256-cb1082eb2227
388,12/16/2022-07:09:38,65,7,7,4,4,4,6,4,4,4,2c5a3e9c-7d0f-11ed-a256-cb1082eb2227
389,12/16/2022-07:10:11,5,1,2,5,3,5,5,4,3,4,2c5a3e9c-7d0f-11ed-a256-cb1082eb2227
390,12/16/2022-07:10:47,63,6,6,4,7,4,7,4,4,4,2c5a3e9c-7d0f-11ed-a256-cb1082eb2227
391,12/16/2022-07:11:13,101,1,1,4,3,4,3,5,5,5,2c5a3e9c-7d0f-11ed-a256-cb1082eb2227
392,12/16/2022-07:11:42,77,1,1,7,7,7,7,7,5,7,2c5a3e9c-7d0f-11ed-a256-cb1082eb2227
393,12/16/2022-07:12:16,31,1,2,4,4,4,4,2,3,2,2c5a3e9c-7d0f-11ed-a256-cb1082eb2227
394,12/16/2022-07:12:39,84,1,1,6,6,6,6,7,5,6,2c5a3e9c-7d0f-11ed-a256-cb1082eb2227
395,12/16/2022-07:13:28,46,7,7,6,4,6,6,4,4,4,2c5a3e9c-7d0f-11ed-a256-cb1082eb2227
396,12/16/2022-07:13:51,102,1,1,4,5,4,5,4,5,5,2c5a3e9c-7d0f-11ed-a256-cb1082eb2227
397,12/16/2022-07:14:15,11,1,1,1,1,1,1,1,4,1,2c5a3e9c-7d0f-11ed-a256-cb1082eb2227
398,12/16/2022-07:14:29,83,1,1,7,7,7,7,7,7,7,2c5a3e9c-7d0f-11ed-a256-cb1082eb2227
399,12/16/2022-07:15:01,21,1,3,5,5,5,5,6,4,5,2c5a3e9c-7d0f-11ed-a256-cb1082eb2227
400,12/16/2022-07:39:48,9,2,1,2,4,3,6,3,4,1,b60bfe00-7d14-11ed-a256-cb1082eb2227
401,12/16/2022-07:40:19,68,5,4,7,7,7,5,4,4,4,b60bfe00-7d14-11ed-a256-cb1082eb2227
402,12/16/2022-07:40:48,27,1,1,7,7,6,5,4,5,3,b60bfe00-7d14-11ed-a256-cb1082eb2227
403,12/16/2022-07:41:32,69,6,6,5,7,7,4,4,4,4,b60bfe00-7d14-11ed-a256-cb1082eb2227
404,12/16/2022-07:42:12,22,4,4,4,4,3,5,5,5,5,b60bfe00-7d14-11ed-a256-cb1082eb2227
405,12/16/2022-07:42:42,104,1,1,1,3,1,1,1,5,5,b60bfe00-7d14-11ed-a256-cb1082eb2227
406,12/16/2022-07:43:14,49,7,7,7,7,6,4,4,4,1,b60bfe00-7d14-11ed-a256-cb1082eb2227
407,12/16/2022-07:43:41,71,7,7,7,7,7,6,5,4,2,b60bfe00-7d14-11ed-a256-cb1082eb2227
408,12/16/2022-07:44:05,86,1,1,7,7,7,3,7,7,7,b60bfe00-7d14-11ed-a256-cb1082eb2227
409,12/16/2022-07:44:41,24,1,1,1,1,1,7,1,1,1,b60bfe00-7d14-11ed-a256-cb1082eb2227
410,12/16/2022-07:45:09,63,7,7,7,7,5,4,5,4,5,b60bfe00-7d14-11ed-a256-cb1082eb2227
411,12/16/2022-07:45:29,85,1,1,7,7,7,4,7,7,7,b60bfe00-7d14-11ed-a256-cb1082eb2227
412,12/16/2022-07:45:56,66,7,7,7,7,7,3,5,4,5,b60bfe00-7d14-11ed-a256-cb1082eb2227
413,12/16/2022-07:46:13,2,1,1,1,2,1,4,1,3,1,b60bfe00-7d14-11ed-a256-cb1082eb2227
414,12/16/2022-07:46:42,42,7,7,7,7,6,1,6,6,6,b60bfe00-7d14-11ed-a256-cb1082eb2227
415,12/16/2022-07:47:06,1,5,5,6,6,6,4,5,3,5,b60bfe00-7d14-11ed-a256-cb1082eb2227
416,12/16/2022-07:47:32,3,1,1,1,1,1,7,4,4,1,b60bfe00-7d14-11ed-a256-cb1082eb2227
417,12/16/2022-07:48:07,10,5,1,3,7,7,6,5,4,2,b60bfe00-7d14-11ed-a256-cb1082eb2227
418,12/16/2022-07:48:28,93,1,1,4,4,4,4,4,4,4,b60bfe00-7d14-11ed-a256-cb1082eb2227
419,12/16/2022-07:48:48,80,1,1,4,4,4,3,5,6,2,b60bfe00-7d14-11ed-a256-cb1082eb2227
420,12/16/2022-08:41:18,66,7,7,7,7,4,7,4,3,1,50160600-7d1d-11ed-a256-cb1082eb2227
421,12/16/2022-08:41:54,97,1,1,4,4,6,6,5,5,4,50160600-7d1d-11ed-a256-cb1082eb2227
422,12/16/2022-08:42:24,58,7,7,7,7,5,7,5,3,5,50160600-7d1d-11ed-a256-cb1082eb2227
423,12/16/2022-08:42:58,65,7,7,5,5,5,7,5,4,4,50160600-7d1d-11ed-a256-cb1082eb2227
424,12/16/2022-08:43:31,64,7,7,6,7,5,7,6,5,5,50160600-7d1d-11ed-a256-cb1082eb2227
425,12/16/2022-08:43:53,52,7,7,7,7,1,3,2,2,2,50160600-7d1d-11ed-a256-cb1082eb2227
426,12/16/2022-08:44:27,5,1,1,2,3,1,3,1,1,4,50160600-7d1d-11ed-a256-cb1082eb2227
427,12/16/2022-08:44:51,39,7,7,6,5,3,5,3,3,3,50160600-7d1d-11ed-a256-cb1082eb2227
428,12/16/2022-08:45:17,86,1,7,1,3,6,6,7,7,5,50160600-7d1d-11ed-a256-cb1082eb2227
429,12/16/2022-08:45:42,11,1,1,7,3,2,7,4,2,4,50160600-7d1d-11ed-a256-cb1082eb2227
430,12/16/2022-08:46:10,60,7,7,7,7,4,7,4,4,4,50160600-7d1d-11ed-a256-cb1082eb2227
431,12/16/2022-08:46:37,77,1,7,3,4,6,3,7,7,7,50160600-7d1d-11ed-a256-cb1082eb2227
432,12/16/2022-08:47:10,63,7,7,7,4,2,7,5,5,5,50160600-7d1d-11ed-a256-cb1082eb2227
433,12/16/2022-08:47:30,96,1,1,7,7,3,7,4,4,4,50160600-7d1d-11ed-a256-cb1082eb2227
434,12/16/2022-08:48:04,61,7,1,4,4,1,7,2,3,2,50160600-7d1d-11ed-a256-cb1082eb2227
435,12/16/2022-09:37:14,17,5,4,3,3,2,3,4,4,4,12b311ce-7d25-11ed-a256-cb1082eb2227
436,12/16/2022-09:38:42,66,7,7,7,7,6,6,6,5,6,12b311ce-7d25-11ed-a256-cb1082eb2227
437,12/16/2022-09:39:21,16,2,2,2,2,3,3,4,4,4,12b311ce-7d25-11ed-a256-cb1082eb2227
438,12/16/2022-09:40:15,83,1,1,4,4,4,4,6,6,6,12b311ce-7d25-11ed-a256-cb1082eb2227
439,12/16/2022-09:40:47,65,7,7,6,6,6,7,5,5,5,12b311ce-7d25-11ed-a256-cb1082eb2227
440,12/16/2022-09:41:11,6,1,1,1,2,1,2,1,1,1,12b311ce-7d25-11ed-a256-cb1082eb2227
441,12/16/2022-09:41:48,19,1,1,4,4,4,4,4,4,4,12b311ce-7d25-11ed-a256-cb1082eb2227
442,12/16/2022-09:42:12,9,1,1,3,3,3,3,3,2,3,12b311ce-7d25-11ed-a256-cb1082eb2227
443,12/16/2022-09:46:04,33,1,1,4,5,5,5,4,4,4,12b311ce-7d25-11ed-a256-cb1082eb2227
444,12/16/2022-09:46:24,47,7,7,7,7,6,7,6,6,6,12b311ce-7d25-11ed-a256-cb1082eb2227
445,12/16/2022-09:46:48,60,7,7,7,7,7,7,7,6,7,12b311ce-7d25-11ed-a256-cb1082eb2227
446,12/16/2022-09:47:11,78,1,1,5,5,5,5,6,5,5,12b311ce-7d25-11ed-a256-cb1082eb2227
447,12/16/2022-09:47:42,22,1,1,4,4,4,5,4,3,4,12b311ce-7d25-11ed-a256-cb1082eb2227
448,12/16/2022-09:48:02,48,7,7,7,7,7,7,7,6,6,12b311ce-7d25-11ed-a256-cb1082eb2227
449,12/16/2022-09:48:35,56,7,7,7,7,7,7,7,7,7,12b311ce-7d25-11ed-a256-cb1082eb2227
450,12/16/2022-09:49:11,106,1,1,7,7,7,7,7,7,7,12b311ce-7d25-11ed-a256-cb1082eb2227
451,12/16/2022-09:52:47,1,1,1,3,2,4,4,4,3,4,12b311ce-7d25-11ed-a256-cb1082eb2227
452,12/16/2022-09:53:28,104,1,1,3,4,4,4,3,4,4,12b311ce-7d25-11ed-a256-cb1082eb2227
453,12/16/2022-09:53:53,59,7,7,7,7,7,7,6,6,6,12b311ce-7d25-11ed-a256-cb1082eb2227
454,12/16/2022-09:54:34,49,7,7,5,6,6,6,5,5,5,12b311ce-7d25-11ed-a256-cb1082eb2227
455,12/16/2022-10:06:49,97,1,1,4,4,5,4,5,6,6,12b311ce-7d25-11ed-a256-cb1082eb2227
456,12/16/2022-10:07:13,96,1,1,4,4,4,4,4,4,4,12b311ce-7d25-11ed-a256-cb1082eb2227
457,12/16/2022-10:07:44,26,4,4,4,5,4,4,4,4,4,12b311ce-7d25-11ed-a256-cb1082eb2227
458,12/16/2022-10:08:07,86,1,1,4,4,4,4,4,4,4,12b311ce-7d25-11ed-a256-cb1082eb2227
459,12/16/2022-10:08:29,35,1,1,5,5,5,5,4,4,4,12b311ce-7d25-11ed-a256-cb1082eb2227
460,12/16/2022-10:09:00,70,7,7,7,7,7,7,7,6,6,12b311ce-7d25-11ed-a256-cb1082eb2227
461,12/16/2022-10:09:14,76,1,1,4,4,4,4,3,3,4,12b311ce-7d25-11ed-a256-cb1082eb2227
462,12/16/2022-10:09:49,63,7,7,7,7,7,7,6,5,5,12b311ce-7d25-11ed-a256-cb1082eb2227
463,12/16/2022-10:10:09,93,1,1,4,4,4,4,7,6,6,12b311ce-7d25-11ed-a256-cb1082eb2227
464,12/16/2022-10:10:40,62,6,6,7,7,7,7,5,5,5,12b311ce-7d25-11ed-a256-cb1082eb2227
465,12/16/2022-10:11:59,3,1,7,7,7,7,7,5,4,4,00dbe520-7d2a-11ed-a256-cb1082eb2227
466,12/16/2022-10:12:25,98,1,1,7,7,7,7,4,4,4,00dbe520-7d2a-11ed-a256-cb1082eb2227
467,12/16/2022-10:12:43,81,1,1,7,2,2,4,1,1,1,00dbe520-7d2a-11ed-a256-cb1082eb2227
468,12/16/2022-10:13:01,11,1,7,1,1,1,1,1,1,1,00dbe520-7d2a-11ed-a256-cb1082eb2227
469,12/16/2022-10:13:18,29,1,1,2,2,2,4,2,2,3,00dbe520-7d2a-11ed-a256-cb1082eb2227
470,12/16/2022-10:13:34,31,1,1,1,1,1,1,1,1,1,00dbe520-7d2a-11ed-a256-cb1082eb2227
471,12/16/2022-10:13:46,85,1,1,7,7,7,7,7,7,7,00dbe520-7d2a-11ed-a256-cb1082eb2227
472,12/16/2022-10:14:03,79,1,1,7,7,7,7,7,7,7,00dbe520-7d2a-11ed-a256-cb1082eb2227
473,12/16/2022-10:14:23,73,7,7,7,7,7,7,1,1,1,00dbe520-7d2a-11ed-a256-cb1082eb2227
474,12/16/2022-10:28:29,3,2,4,4,7,6,6,4,4,5,19e97364-7d2c-11ed-a256-cb1082eb2227
475,12/16/2022-10:29:06,98,1,1,6,6,6,6,6,4,4,19e97364-7d2c-11ed-a256-cb1082eb2227
476,12/16/2022-10:29:46,81,1,1,3,5,2,4,3,2,3,19e97364-7d2c-11ed-a256-cb1082eb2227
477,12/16/2022-10:31:52,3,1,3,5,3,5,2,3,2,3,b470506a-7d2c-11ed-a256-cb1082eb2227
478,12/16/2022-10:32:32,98,1,1,7,1,1,5,3,2,4,b470506a-7d2c-11ed-a256-cb1082eb2227
479,12/16/2022-10:33:04,81,1,4,2,1,1,1,1,1,1,b470506a-7d2c-11ed-a256-cb1082eb2227
480,12/16/2022-10:33:42,11,1,3,1,1,4,6,1,1,1,b470506a-7d2c-11ed-a256-cb1082eb2227
481,12/16/2022-10:34:02,29,1,4,1,1,1,2,1,1,1,b470506a-7d2c-11ed-a256-cb1082eb2227
482,12/16/2022-10:34:15,3,4,6,3,5,3,4,4,4,2,f081a2a2-7d2c-11ed-a256-cb1082eb2227
483,12/16/2022-10:34:52,31,1,4,4,4,3,5,5,3,4,b470506a-7d2c-11ed-a256-cb1082eb2227
484,12/16/2022-10:35:00,98,1,1,1,3,2,4,4,3,4,f081a2a2-7d2c-11ed-a256-cb1082eb2227
485,12/16/2022-10:35:30,85,2,2,7,7,4,4,7,7,7,b470506a-7d2c-11ed-a256-cb1082eb2227
486,12/16/2022-10:35:34,81,1,1,3,3,2,3,3,3,3,f081a2a2-7d2c-11ed-a256-cb1082eb2227
487,12/16/2022-10:36:13,79,2,1,5,5,5,5,7,6,7,b470506a-7d2c-11ed-a256-cb1082eb2227
488,12/16/2022-10:36:13,11,6,6,2,1,1,3,4,4,4,f081a2a2-7d2c-11ed-a256-cb1082eb2227
489,12/16/2022-10:36:56,73,7,7,6,1,2,7,4,3,3,b470506a-7d2c-11ed-a256-cb1082eb2227
490,12/16/2022-10:37:10,29,6,6,3,3,3,3,3,4,4,f081a2a2-7d2c-11ed-a256-cb1082eb2227
491,12/16/2022-10:37:35,34,5,5,2,3,3,6,2,1,2,b470506a-7d2c-11ed-a256-cb1082eb2227
492,12/16/2022-10:37:51,31,5,5,3,3,3,4,4,4,3,f081a2a2-7d2c-11ed-a256-cb1082eb2227
493,12/16/2022-10:38:02,89,1,1,2,2,2,2,2,2,2,b470506a-7d2c-11ed-a256-cb1082eb2227
494,12/16/2022-10:38:32,55,7,7,1,1,1,1,1,1,1,b470506a-7d2c-11ed-a256-cb1082eb2227
495,12/16/2022-10:38:36,85,1,1,7,7,7,4,7,7,7,f081a2a2-7d2c-11ed-a256-cb1082eb2227
496,12/16/2022-10:38:49,67,7,7,1,1,1,1,1,1,1,b470506a-7d2c-11ed-a256-cb1082eb2227
497,12/16/2022-10:39:21,39,7,7,7,7,7,7,2,2,2,b470506a-7d2c-11ed-a256-cb1082eb2227
498,12/16/2022-10:39:38,79,1,1,6,5,5,5,6,4,5,f081a2a2-7d2c-11ed-a256-cb1082eb2227
499,12/16/2022-10:40:03,82,1,2,7,7,7,7,2,7,2,b470506a-7d2c-11ed-a256-cb1082eb2227
500,12/16/2022-10:40:18,52,7,7,1,1,1,1,1,1,1,b470506a-7d2c-11ed-a256-cb1082eb2227
501,12/16/2022-10:40:18,73,7,7,7,7,7,7,4,3,3,f081a2a2-7d2c-11ed-a256-cb1082eb2227
502,12/16/2022-10:40:36,10,1,6,1,1,1,1,1,1,1,b470506a-7d2c-11ed-a256-cb1082eb2227
503,12/16/2022-10:40:54,24,1,6,1,1,1,1,1,1,1,b470506a-7d2c-11ed-a256-cb1082eb2227
504,12/16/2022-10:40:54,80,1,1,4,4,5,3,3,4,3,f1f987b6-7d2d-11ed-a256-cb1082eb2227
505,12/16/2022-10:41:19,59,7,7,2,2,2,6,2,1,1,b470506a-7d2c-11ed-a256-cb1082eb2227
506,12/16/2022-10:41:41,34,1,1,3,3,3,3,3,3,3,f081a2a2-7d2c-11ed-a256-cb1082eb2227
507,12/16/2022-10:41:47,29,5,6,3,2,3,3,2,3,3,f1f987b6-7d2d-11ed-a256-cb1082eb2227
508,12/16/2022-10:41:50,22,1,2,1,1,2,4,2,2,2,b470506a-7d2c-11ed-a256-cb1082eb2227
509,12/16/2022-10:42:28,66,7,7,7,6,4,5,4,4,3,f1f987b6-7d2d-11ed-a256-cb1082eb2227
510,12/16/2022-10:42:37,105,1,2,6,6,6,6,6,7,7,b470506a-7d2c-11ed-a256-cb1082eb2227
511,12/16/2022-10:42:38,89,1,1,3,3,3,3,4,3,4,f081a2a2-7d2c-11ed-a256-cb1082eb2227
512,12/16/2022-10:43:19,77,1,2,6,7,5,4,7,7,7,b470506a-7d2c-11ed-a256-cb1082eb2227
513,12/16/2022-10:43:21,31,1,5,6,6,6,6,4,4,2,f1f987b6-7d2d-11ed-a256-cb1082eb2227
514,12/16/2022-10:43:36,17,1,6,1,1,1,1,1,1,1,b470506a-7d2c-11ed-a256-cb1082eb2227
515,12/16/2022-10:43:59,45,7,7,1,1,1,4,1,1,1,b470506a-7d2c-11ed-a256-cb1082eb2227
516,12/16/2022-10:44:12,55,7,7,5,5,5,5,3,3,3,f081a2a2-7d2c-11ed-a256-cb1082eb2227
517,12/16/2022-10:44:14,60,7,7,1,1,1,1,1,1,1,b470506a-7d2c-11ed-a256-cb1082eb2227
518,12/16/2022-10:44:37,67,7,7,7,7,7,6,6,5,5,f081a2a2-7d2c-11ed-a256-cb1082eb2227
519,12/16/2022-10:44:41,42,7,7,5,4,3,3,3,4,4,f1f987b6-7d2d-11ed-a256-cb1082eb2227
520,12/16/2022-10:45:11,39,7,7,6,6,6,6,3,3,3,f081a2a2-7d2c-11ed-a256-cb1082eb2227
521,12/16/2022-10:45:18,86,1,1,3,7,6,4,7,7,7,f1f987b6-7d2d-11ed-a256-cb1082eb2227
522,12/16/2022-10:45:55,11,2,2,3,2,3,4,4,2,1,f1f987b6-7d2d-11ed-a256-cb1082eb2227
523,12/16/2022-10:46:06,82,1,1,6,6,7,6,7,6,6,f081a2a2-7d2c-11ed-a256-cb1082eb2227
524,12/16/2022-10:46:12,80,2,2,2,3,2,4,2,3,3,c0ed14d4-7d2e-11ed-a256-cb1082eb2227
525,12/16/2022-10:46:19,96,1,1,7,7,7,7,4,4,4,f1f987b6-7d2d-11ed-a256-cb1082eb2227
526,12/16/2022-10:46:35,52,7,7,4,3,3,4,3,3,3,f081a2a2-7d2c-11ed-a256-cb1082eb2227
527,12/16/2022-10:46:58,29,5,5,5,5,6,5,4,4,4,c0ed14d4-7d2e-11ed-a256-cb1082eb2227
528,12/16/2022-10:46:59,10,1,1,3,1,1,2,2,1,1,f081a2a2-7d2c-11ed-a256-cb1082eb2227
529,12/16/2022-10:47:12,8,5,6,3,4,4,3,3,2,3,f1f987b6-7d2d-11ed-a256-cb1082eb2227
530,12/16/2022-10:47:43,24,4,4,1,1,1,1,1,2,2,f081a2a2-7d2c-11ed-a256-cb1082eb2227
531,12/16/2022-10:47:47,30,7,7,2,4,5,3,3,3,4,f1f987b6-7d2d-11ed-a256-cb1082eb2227
532,12/16/2022-10:48:02,66,6,6,2,2,4,6,4,3,2,c0ed14d4-7d2e-11ed-a256-cb1082eb2227
533,12/16/2022-10:48:15,59,7,7,7,7,7,7,6,4,4,f081a2a2-7d2c-11ed-a256-cb1082eb2227
534,12/16/2022-10:48:24,69,7,7,1,1,2,2,3,4,4,f1f987b6-7d2d-11ed-a256-cb1082eb2227
535,12/16/2022-10:48:48,45,7,7,2,2,3,3,4,3,2,f1f987b6-7d2d-11ed-a256-cb1082eb2227
536,12/16/2022-10:48:48,22,3,3,3,3,3,4,4,5,4,f081a2a2-7d2c-11ed-a256-cb1082eb2227
537,12/16/2022-10:48:56,31,4,4,5,5,4,6,4,4,4,c0ed14d4-7d2e-11ed-a256-cb1082eb2227
538,12/16/2022-10:49:30,13,1,2,2,2,2,3,1,3,1,f1f987b6-7d2d-11ed-a256-cb1082eb2227
539,12/16/2022-10:49:53,42,7,7,1,1,1,1,1,5,2,c0ed14d4-7d2e-11ed-a256-cb1082eb2227
540,12/16/2022-10:50:06,10,6,6,1,1,1,1,1,5,4,f1f987b6-7d2d-11ed-a256-cb1082eb2227
541,12/16/2022-10:50:35,36,1,1,7,7,7,4,5,5,5,f1f987b6-7d2d-11ed-a256-cb1082eb2227
542,12/16/2022-10:51:00,93,1,1,3,6,6,3,7,7,7,f1f987b6-7d2d-11ed-a256-cb1082eb2227
543,12/16/2022-10:51:09,86,1,1,7,5,5,5,7,7,7,c0ed14d4-7d2e-11ed-a256-cb1082eb2227
544,12/16/2022-10:51:32,105,1,1,2,2,2,3,4,4,4,f1f987b6-7d2d-11ed-a256-cb1082eb2227
545,12/16/2022-10:51:45,11,1,2,6,6,6,6,4,4,4,c0ed14d4-7d2e-11ed-a256-cb1082eb2227
546,12/16/2022-10:52:07,105,1,1,2,2,3,3,4,4,4,f081a2a2-7d2c-11ed-a256-cb1082eb2227
547,12/16/2022-10:52:09,96,1,1,7,7,7,7,4,4,4,c0ed14d4-7d2e-11ed-a256-cb1082eb2227
548,12/16/2022-10:52:14,79,1,4,3,5,5,3,7,5,5,f1f987b6-7d2d-11ed-a256-cb1082eb2227
549,12/16/2022-10:52:42,43,7,7,7,7,7,7,4,3,3,f1f987b6-7d2d-11ed-a256-cb1082eb2227
550,12/16/2022-10:52:45,77,1,1,5,5,6,6,6,6,6,f081a2a2-7d2c-11ed-a256-cb1082eb2227
551,12/16/2022-10:52:52,8,5,5,6,5,4,5,3,2,3,c0ed14d4-7d2e-11ed-a256-cb1082eb2227
552,12/16/2022-10:53:06,102,1,1,3,5,5,3,5,5,5,f1f987b6-7d2d-11ed-a256-cb1082eb2227
553,12/16/2022-10:53:17,17,3,3,3,3,3,4,3,4,3,f081a2a2-7d2c-11ed-a256-cb1082eb2227
554,12/16/2022-10:53:45,45,7,7,7,7,7,7,5,5,5,f081a2a2-7d2c-11ed-a256-cb1082eb2227
555,12/16/2022-10:53:46,30,6,6,6,5,5,5,4,3,3,c0ed14d4-7d2e-11ed-a256-cb1082eb2227
556,12/16/2022-10:54:13,27,1,1,3,4,4,3,5,4,4,f1f987b6-7d2d-11ed-a256-cb1082eb2227
557,12/16/2022-10:54:14,60,7,7,7,7,7,7,5,4,4,f081a2a2-7d2c-11ed-a256-cb1082eb2227
558,12/16/2022-10:54:56,24,5,5,2,1,1,2,1,2,2,f1f987b6-7d2d-11ed-a256-cb1082eb2227
559,12/16/2022-10:55:18,61,7,7,2,2,1,1,1,2,2,f081a2a2-7d2c-11ed-a256-cb1082eb2227
560,12/16/2022-10:55:30,6,6,2,2,1,1,1,2,2,2,f1f987b6-7d2d-11ed-a256-cb1082eb2227
561,12/16/2022-10:55:44,51,7,7,6,6,6,6,6,5,5,f081a2a2-7d2c-11ed-a256-cb1082eb2227
562,12/16/2022-10:56:05,6,2,2,2,1,1,1,1,2,1,f081a2a2-7d2c-11ed-a256-cb1082eb2227
563,12/16/2022-10:56:30,74,1,1,4,4,7,6,5,2,4,f1f987b6-7d2d-11ed-a256-cb1082eb2227
564,12/16/2022-10:56:39,35,1,1,2,3,3,4,3,3,3,f081a2a2-7d2c-11ed-a256-cb1082eb2227
565,12/16/2022-10:57:10,15,6,7,1,1,2,2,3,4,2,f1f987b6-7d2d-11ed-a256-cb1082eb2227
566,12/16/2022-10:57:47,42,7,7,6,5,5,5,5,5,5,f081a2a2-7d2c-11ed-a256-cb1082eb2227
567,12/16/2022-10:59:26,80,1,4,4,3,3,3,3,3,3,a07b7270-7d30-11ed-a256-cb1082eb2227
568,12/16/2022-10:59:52,29,1,4,7,7,7,7,4,4,4,a07b7270-7d30-11ed-a256-cb1082eb2227
569,12/16/2022-11:00:08,66,7,7,7,7,7,7,4,4,4,a07b7270-7d30-11ed-a256-cb1082eb2227
570,12/16/2022-11:00:28,31,1,4,7,7,7,7,4,4,4,a07b7270-7d30-11ed-a256-cb1082eb2227
571,12/16/2022-11:00:44,42,7,7,7,7,7,7,4,4,4,a07b7270-7d30-11ed-a256-cb1082eb2227
572,12/16/2022-11:01:02,86,1,4,7,7,7,7,7,7,7,a07b7270-7d30-11ed-a256-cb1082eb2227
573,12/16/2022-11:01:18,11,1,4,7,7,7,7,4,4,4,a07b7270-7d30-11ed-a256-cb1082eb2227
574,12/16/2022-11:01:36,96,1,3,3,3,3,4,4,4,4,a07b7270-7d30-11ed-a256-cb1082eb2227
575,12/16/2022-11:01:52,8,1,4,7,7,7,7,4,4,4,a07b7270-7d30-11ed-a256-cb1082eb2227
576,12/16/2022-11:02:19,30,1,4,7,7,7,7,4,4,4,a07b7270-7d30-11ed-a256-cb1082eb2227
577,12/16/2022-11:02:56,69,1,4,5,4,5,5,4,6,4,a07b7270-7d30-11ed-a256-cb1082eb2227
578,12/16/2022-11:03:19,45,7,7,7,7,7,7,4,4,4,a07b7270-7d30-11ed-a256-cb1082eb2227
579,12/16/2022-11:03:45,13,1,4,7,7,7,7,4,4,4,a07b7270-7d30-11ed-a256-cb1082eb2227
580,12/16/2022-11:03:59,10,1,4,7,7,7,7,4,4,4,a07b7270-7d30-11ed-a256-cb1082eb2227
581,12/16/2022-11:22:35,80,1,1,6,6,5,5,3,3,3,e089614e-7d33-11ed-a256-cb1082eb2227
582,12/16/2022-11:31:57,80,1,1,5,5,4,6,5,6,7,0303a094-7d35-11ed-a256-cb1082eb2227
583,12/16/2022-11:33:00,57,7,7,6,6,6,7,6,4,4,0303a094-7d35-11ed-a256-cb1082eb2227
584,12/16/2022-11:33:43,77,1,1,7,6,6,7,7,6,6,0303a094-7d35-11ed-a256-cb1082eb2227
585,12/16/2022-11:34:58,101,1,1,4,4,3,5,7,6,7,0303a094-7d35-11ed-a256-cb1082eb2227
586,12/16/2022-11:35:22,81,2,7,4,4,3,4,2,2,1,a551bf0c-7d35-11ed-a256-cb1082eb2227
587,12/16/2022-11:35:45,21,1,7,7,7,6,6,5,4,4,a551bf0c-7d35-11ed-a256-cb1082eb2227
588,12/16/2022-11:36:07,74,1,4,6,5,5,4,5,6,6,a551bf0c-7d35-11ed-a256-cb1082eb2227
589,12/16/2022-11:36:18,12,1,1,6,6,7,6,4,2,3,0303a094-7d35-11ed-a256-cb1082eb2227
590,12/16/2022-11:36:23,38,7,7,7,7,7,4,5,6,5,a551bf0c-7d35-11ed-a256-cb1082eb2227
591,12/16/2022-11:36:43,82,1,1,7,5,4,4,4,5,3,a551bf0c-7d35-11ed-a256-cb1082eb2227
592,12/16/2022-11:37:01,5,1,1,3,5,3,4,2,5,1,a551bf0c-7d35-11ed-a256-cb1082eb2227
593,12/16/2022-11:37:18,96,1,1,5,7,6,7,6,6,6,0303a094-7d35-11ed-a256-cb1082eb2227
594,12/16/2022-11:38:09,14,1,1,6,7,6,6,5,3,4,0303a094-7d35-11ed-a256-cb1082eb2227
595,12/16/2022-11:38:44,64,7,7,7,6,6,6,7,5,5,0303a094-7d35-11ed-a256-cb1082eb2227
596,12/16/2022-11:39:37,40,7,7,6,6,7,7,5,3,4,0303a094-7d35-11ed-a256-cb1082eb2227
597,12/16/2022-11:40:08,53,7,7,6,7,7,7,5,4,4,0303a094-7d35-11ed-a256-cb1082eb2227
598,12/16/2022-11:41:04,107,1,1,7,6,5,6,7,6,6,0303a094-7d35-11ed-a256-cb1082eb2227
599,12/16/2022-11:42:12,75,1,1,6,5,5,6,5,4,4,0303a094-7d35-11ed-a256-cb1082eb2227
600,12/16/2022-11:42:44,33,1,1,5,5,4,5,6,4,4,0303a094-7d35-11ed-a256-cb1082eb2227
601,12/16/2022-11:43:20,68,7,7,7,6,6,7,6,5,4,0303a094-7d35-11ed-a256-cb1082eb2227
602,12/16/2022-11:43:46,51,7,7,7,6,6,6,6,5,5,0303a094-7d35-11ed-a256-cb1082eb2227
603,12/16/2022-11:45:28,92,1,1,6,7,6,6,7,6,6,0303a094-7d35-11ed-a256-cb1082eb2227
604,12/16/2022-11:46:08,78,1,1,7,6,7,7,6,6,6,0303a094-7d35-11ed-a256-cb1082eb2227
605,12/16/2022-11:46:37,38,7,7,6,6,6,7,6,6,5,0303a094-7d35-11ed-a256-cb1082eb2227
606,12/16/2022-11:47:11,88,1,1,7,6,7,6,5,4,4,0303a094-7d35-11ed-a256-cb1082eb2227
607,12/16/2022-11:47:41,23,1,1,6,5,6,5,7,5,5,0303a094-7d35-11ed-a256-cb1082eb2227
608,12/16/2022-11:50:09,67,7,7,6,6,5,6,5,4,4,0303a094-7d35-11ed-a256-cb1082eb2227
609,12/16/2022-11:50:40,86,1,1,6,7,6,7,7,6,7,0303a094-7d35-11ed-a256-cb1082eb2227
610,12/16/2022-11:51:17,82,1,1,7,7,5,6,6,6,5,0303a094-7d35-11ed-a256-cb1082eb2227
611,12/16/2022-11:51:46,66,7,7,6,7,7,6,5,4,4,0303a094-7d35-11ed-a256-cb1082eb2227
612,12/16/2022-11:53:05,45,7,7,6,6,7,6,6,4,5,0303a094-7d35-11ed-a256-cb1082eb2227
613,12/16/2022-12:03:55,37,1,1,5,6,5,6,5,5,5,0303a094-7d35-11ed-a256-cb1082eb2227
614,12/16/2022-12:04:21,81,2,1,3,4,4,5,2,1,1,9b9ed748-7d39-11ed-a256-cb1082eb2227
615,12/16/2022-12:04:49,50,7,7,7,6,6,7,6,5,4,0303a094-7d35-11ed-a256-cb1082eb2227
616,12/16/2022-12:05:16,103,1,1,7,6,7,7,6,2,4,0303a094-7d35-11ed-a256-cb1082eb2227
617,12/16/2022-12:05:17,21,1,5,7,7,5,5,4,4,4,9b9ed748-7d39-11ed-a256-cb1082eb2227
618,12/16/2022-12:05:53,87,1,1,6,6,6,7,7,7,6,0303a094-7d35-11ed-a256-cb1082eb2227
619,12/16/2022-12:06:15,74,2,1,4,4,5,6,4,3,3,9b9ed748-7d39-11ed-a256-cb1082eb2227
620,12/16/2022-12:06:17,72,1,1,7,7,6,6,6,4,4,0303a094-7d35-11ed-a256-cb1082eb2227
621,12/16/2022-12:06:58,13,1,1,5,5,6,6,5,5,4,0303a094-7d35-11ed-a256-cb1082eb2227
622,12/16/2022-12:07:12,38,7,7,7,7,4,6,6,4,6,9b9ed748-7d39-11ed-a256-cb1082eb2227
623,12/16/2022-12:07:30,27,1,1,6,6,7,7,6,5,5,0303a094-7d35-11ed-a256-cb1082eb2227
624,12/16/2022-12:07:51,82,1,6,5,5,4,4,6,5,5,9b9ed748-7d39-11ed-a256-cb1082eb2227
625,12/16/2022-12:08:00,19,1,1,6,7,6,6,6,4,3,0303a094-7d35-11ed-a256-cb1082eb2227
626,12/16/2022-12:08:26,25,1,1,7,7,7,7,5,5,4,0303a094-7d35-11ed-a256-cb1082eb2227
627,12/16/2022-12:08:31,5,1,2,5,5,4,4,3,3,2,9b9ed748-7d39-11ed-a256-cb1082eb2227
628,12/16/2022-12:08:58,105,1,1,6,6,6,6,7,6,7,0303a094-7d35-11ed-a256-cb1082eb2227
629,12/16/2022-12:09:12,66,4,6,3,3,3,3,4,3,2,9b9ed748-7d39-11ed-a256-cb1082eb2227
630,12/16/2022-12:09:43,68,7,7,7,7,7,7,4,4,4,9b9ed748-7d39-11ed-a256-cb1082eb2227
631,12/16/2022-12:09:44,99,1,1,6,6,5,6,5,4,4,0303a094-7d35-11ed-a256-cb1082eb2227
632,12/16/2022-12:10:29,36,1,1,6,5,6,7,4,3,3,0303a094-7d35-11ed-a256-cb1082eb2227
633,12/16/2022-12:10:30,15,1,1,5,6,6,6,4,4,4,9b9ed748-7d39-11ed-a256-cb1082eb2227
634,12/16/2022-12:11:05,62,7,7,6,6,7,7,6,5,5,0303a094-7d35-11ed-a256-cb1082eb2227
635,12/16/2022-12:11:13,80,1,1,1,4,2,3,3,4,3,9b9ed748-7d39-11ed-a256-cb1082eb2227
636,12/16/2022-12:11:58,95,1,1,6,5,7,6,6,5,6,0303a094-7d35-11ed-a256-cb1082eb2227
637,12/16/2022-12:11:58,42,7,7,5,6,6,5,4,4,4,9b9ed748-7d39-11ed-a256-cb1082eb2227
638,12/16/2022-12:12:27,49,7,7,7,7,5,6,4,4,4,0303a094-7d35-11ed-a256-cb1082eb2227
639,12/16/2022-12:12:28,39,7,7,7,7,7,7,4,2,3,9b9ed748-7d39-11ed-a256-cb1082eb2227
640,12/16/2022-12:13:13,105,1,1,2,6,6,6,6,5,6,9b9ed748-7d39-11ed-a256-cb1082eb2227
641,12/16/2022-12:13:51,79,1,1,5,4,4,6,6,4,6,9b9ed748-7d39-11ed-a256-cb1082eb2227
642,12/16/2022-12:14:10,57,7,7,6,6,6,6,4,4,4,9b9ed748-7d39-11ed-a256-cb1082eb2227
643,12/16/2022-12:14:32,61,7,7,7,7,7,4,4,4,2,9b9ed748-7d39-11ed-a256-cb1082eb2227
644,12/16/2022-12:14:47,52,7,7,7,7,7,7,4,4,4,9b9ed748-7d39-11ed-a256-cb1082eb2227
645,12/16/2022-12:14:54,52,7,7,7,7,7,7,4,4,4,9b9ed748-7d39-11ed-a256-cb1082eb2227
646,12/16/2022-12:15:58,81,1,1,3,3,3,3,3,3,3,5db14e00-7d3b-11ed-a256-cb1082eb2227
647,12/16/2022-12:16:07,84,1,2,6,4,4,4,6,6,7,55c5b8ca-7d3b-11ed-a256-cb1082eb2227
648,12/16/2022-12:16:25,21,1,1,4,4,4,4,4,4,4,5db14e00-7d3b-11ed-a256-cb1082eb2227
649,12/16/2022-12:16:28,99,1,2,3,3,3,3,3,3,3,55c5b8ca-7d3b-11ed-a256-cb1082eb2227
650,12/16/2022-12:16:34,99,1,2,3,3,3,3,3,3,3,55c5b8ca-7d3b-11ed-a256-cb1082eb2227
651,12/16/2022-12:16:38,74,1,1,3,3,3,4,3,3,3,5db14e00-7d3b-11ed-a256-cb1082eb2227
652,12/16/2022-12:16:57,38,7,7,7,6,6,4,6,4,4,5db14e00-7d3b-11ed-a256-cb1082eb2227
653,12/16/2022-12:17:16,82,1,1,4,5,4,5,6,4,6,5db14e00-7d3b-11ed-a256-cb1082eb2227
654,12/16/2022-12:17:31,5,1,1,3,2,3,3,3,2,2,5db14e00-7d3b-11ed-a256-cb1082eb2227
655,12/16/2022-12:18:02,66,7,7,7,7,7,7,4,4,4,5db14e00-7d3b-11ed-a256-cb1082eb2227
656,12/16/2022-12:18:13,68,7,7,7,7,7,7,4,4,4,5db14e00-7d3b-11ed-a256-cb1082eb2227
657,12/16/2022-12:18:30,15,1,1,7,7,6,6,4,4,4,5db14e00-7d3b-11ed-a256-cb1082eb2227
658,12/16/2022-12:18:42,80,1,1,2,2,3,3,3,3,3,5db14e00-7d3b-11ed-a256-cb1082eb2227
659,12/16/2022-12:18:52,42,7,7,7,7,7,7,4,4,4,5db14e00-7d3b-11ed-a256-cb1082eb2227
660,12/16/2022-12:19:02,39,7,7,7,7,7,7,4,4,4,5db14e00-7d3b-11ed-a256-cb1082eb2227
661,12/16/2022-12:19:20,105,1,1,3,3,3,4,6,5,5,5db14e00-7d3b-11ed-a256-cb1082eb2227
662,12/16/2022-12:19:40,79,1,1,4,4,4,3,5,4,5,5db14e00-7d3b-11ed-a256-cb1082eb2227
663,12/16/2022-12:19:52,57,7,7,7,7,7,7,4,3,3,5db14e00-7d3b-11ed-a256-cb1082eb2227
664,12/16/2022-12:20:05,61,7,7,7,7,7,7,4,4,2,5db14e00-7d3b-11ed-a256-cb1082eb2227
665,12/16/2022-12:20:21,52,7,7,7,7,7,7,4,4,4,5db14e00-7d3b-11ed-a256-cb1082eb2227
666,12/16/2022-12:40:00,84,3,3,5,7,6,5,7,7,6,4e94a914-7d3e-11ed-a256-cb1082eb2227
667,12/16/2022-12:43:13,84,3,3,6,6,6,6,7,6,7,f56ea866-7d3e-11ed-a256-cb1082eb2227
668,12/16/2022-12:44:08,99,1,2,4,5,5,5,5,4,4,f56ea866-7d3e-11ed-a256-cb1082eb2227
669,12/16/2022-12:44:14,99,1,2,4,5,5,5,5,4,4,f56ea866-7d3e-11ed-a256-cb1082eb2227
670,12/16/2022-12:44:42,99,1,2,4,5,5,5,5,4,4,f56ea866-7d3e-11ed-a256-cb1082eb2227
671,12/16/2022-12:45:33,99,2,2,5,4,5,5,4,5,4,4e94a914-7d3e-11ed-a256-cb1082eb2227
672,12/16/2022-12:45:37,99,2,2,5,4,5,5,4,5,4,4e94a914-7d3e-11ed-a256-cb1082eb2227
673,12/16/2022-12:46:00,99,3,3,6,6,6,6,7,6,7,f56ea866-7d3e-11ed-a256-cb1082eb2227
674,12/16/2022-12:46:06,99,3,3,6,6,6,6,7,6,7,f56ea866-7d3e-11ed-a256-cb1082eb2227
675,12/16/2022-12:48:22,84,3,1,7,7,7,7,6,5,7,9fb78b12-7d3f-11ed-a256-cb1082eb2227
676,12/16/2022-12:49:12,99,2,5,3,3,2,3,3,2,2,9fb78b12-7d3f-11ed-a256-cb1082eb2227
677,12/16/2022-12:49:18,99,2,5,3,3,2,3,3,2,2,9fb78b12-7d3f-11ed-a256-cb1082eb2227
678,12/16/2022-12:49:21,99,2,5,3,3,2,3,3,2,2,9fb78b12-7d3f-11ed-a256-cb1082eb2227
679,12/16/2022-12:52:28,102,2,6,3,5,5,4,4,4,5,60c0fe2e-7d40-11ed-a256-cb1082eb2227
680,12/16/2022-12:54:08,67,7,1,5,6,7,7,5,4,5,60c0fe2e-7d40-11ed-a256-cb1082eb2227
681,12/16/2022-13:06:02,77,1,1,2,7,6,5,7,6,7,60c0fe2e-7d40-11ed-a256-cb1082eb2227
682,12/16/2022-13:06:38,95,1,1,3,6,6,6,6,5,6,60c0fe2e-7d40-11ed-a256-cb1082eb2227
683,12/16/2022-13:07:03,32,1,1,2,3,3,3,3,3,1,60c0fe2e-7d40-11ed-a256-cb1082eb2227
684,12/16/2022-13:07:44,22,1,2,3,3,2,2,3,4,2,60c0fe2e-7d40-11ed-a256-cb1082eb2227
685,12/16/2022-13:08:13,24,1,2,6,2,1,1,1,1,1,60c0fe2e-7d40-11ed-a256-cb1082eb2227
686,12/16/2022-13:08:42,3,1,7,2,3,4,3,4,4,3,60c0fe2e-7d40-11ed-a256-cb1082eb2227
687,12/16/2022-13:09:13,74,1,1,5,5,5,5,3,2,4,60c0fe2e-7d40-11ed-a256-cb1082eb2227
688,12/16/2022-13:09:33,72,7,7,7,7,7,7,5,5,4,60c0fe2e-7d40-11ed-a256-cb1082eb2227
689,12/16/2022-13:10:29,82,1,3,3,5,5,5,5,6,6,60c0fe2e-7d40-11ed-a256-cb1082eb2227
690,12/16/2022-13:11:06,69,6,6,5,6,5,6,5,4,4,60c0fe2e-7d40-11ed-a256-cb1082eb2227
691,12/16/2022-13:11:29,103,1,1,7,7,3,4,4,2,3,60c0fe2e-7d40-11ed-a256-cb1082eb2227
692,12/16/2022-13:12:04,46,7,7,7,6,4,4,4,4,5,60c0fe2e-7d40-11ed-a256-cb1082eb2227
693,12/16/2022-13:12:26,108,1,1,4,5,6,7,7,7,7,60c0fe2e-7d40-11ed-a256-cb1082eb2227
694,12/16/2022-13:12:52,98,1,1,7,7,7,7,5,4,4,60c0fe2e-7d40-11ed-a256-cb1082eb2227
695,12/16/2022-13:36:00,33,1,4,6,5,6,7,4,4,2,69e74458-7d46-11ed-a256-cb1082eb2227
696,12/16/2022-13:49:17,69,3,3,3,4,4,5,4,5,4,49537264-7d48-11ed-a256-cb1082eb2227
697,12/16/2022-13:50:25,21,6,7,6,6,6,6,5,4,4,49537264-7d48-11ed-a256-cb1082eb2227
698,12/16/2022-13:51:15,74,6,6,5,6,5,5,5,5,5,49537264-7d48-11ed-a256-cb1082eb2227
699,12/16/2022-13:51:58,57,7,6,6,6,5,5,4,4,5,49537264-7d48-11ed-a256-cb1082eb2227
700,12/16/2022-13:52:46,107,5,5,6,5,5,5,5,6,5,49537264-7d48-11ed-a256-cb1082eb2227
701,12/16/2022-13:53:31,24,7,7,6,6,5,5,5,5,5,49537264-7d48-11ed-a256-cb1082eb2227
702,12/16/2022-13:54:16,73,7,5,6,6,6,6,5,5,4,49537264-7d48-11ed-a256-cb1082eb2227
703,12/16/2022-13:55:04,51,7,6,6,6,6,6,5,5,5,49537264-7d48-11ed-a256-cb1082eb2227
704,12/16/2022-13:55:31,48,7,6,6,6,6,6,5,4,4,49537264-7d48-11ed-a256-cb1082eb2227
705,12/16/2022-13:56:00,44,7,6,6,6,6,6,5,4,5,49537264-7d48-11ed-a256-cb1082eb2227
706,12/16/2022-13:57:03,93,2,5,4,5,5,6,6,6,6,49537264-7d48-11ed-a256-cb1082eb2227
707,12/16/2022-13:57:40,17,5,5,4,5,5,5,4,4,4,49537264-7d48-11ed-a256-cb1082eb2227
708,12/16/2022-13:58:11,87,3,3,4,3,4,3,4,4,4,49537264-7d48-11ed-a256-cb1082eb2227
709,12/16/2022-13:58:42,13,4,3,3,3,4,4,4,5,4,49537264-7d48-11ed-a256-cb1082eb2227
710,12/16/2022-13:59:19,18,3,5,5,5,5,6,5,4,4,49537264-7d48-11ed-a256-cb1082eb2227
711,12/16/2022-14:00:00,83,6,6,6,6,6,7,7,6,6,49537264-7d48-11ed-a256-cb1082eb2227
712,12/16/2022-14:00:33,58,7,7,7,6,6,6,5,4,5,49537264-7d48-11ed-a256-cb1082eb2227
713,12/16/2022-14:01:05,92,5,6,6,6,6,6,6,6,6,49537264-7d48-11ed-a256-cb1082eb2227
714,12/16/2022-14:01:34,5,6,6,6,5,6,6,5,4,4,49537264-7d48-11ed-a256-cb1082eb2227
715,12/16/2022-14:02:10,88,5,5,2,3,3,3,4,4,4,49537264-7d48-11ed-a256-cb1082eb2227
716,12/16/2022-14:02:56,34,5,6,4,3,4,3,4,5,4,49537264-7d48-11ed-a256-cb1082eb2227
717,12/16/2022-14:03:18,55,6,6,6,6,6,6,5,5,4,49537264-7d48-11ed-a256-cb1082eb2227
718,12/16/2022-14:03:54,32,4,5,5,5,5,6,5,4,4,49537264-7d48-11ed-a256-cb1082eb2227
719,12/16/2022-14:04:27,33,4,3,6,6,6,6,4,4,4,49537264-7d48-11ed-a256-cb1082eb2227
720,12/16/2022-14:04:53,86,2,6,6,6,6,6,5,6,5,49537264-7d48-11ed-a256-cb1082eb2227
721,12/16/2022-14:15:40,81,3,3,2,3,3,4,3,2,2,f696cc84-7d4b-11ed-a256-cb1082eb2227
722,12/16/2022-14:16:20,61,7,6,6,6,6,6,4,4,4,f696cc84-7d4b-11ed-a256-cb1082eb2227
723,12/16/2022-14:35:04,4,1,6,4,3,2,3,3,1,1,60c0fe2e-7d40-11ed-a256-cb1082eb2227
724,12/16/2022-14:35:37,70,7,7,7,7,7,7,5,4,5,60c0fe2e-7d40-11ed-a256-cb1082eb2227
725,12/16/2022-14:36:07,29,1,1,5,3,3,4,3,3,3,60c0fe2e-7d40-11ed-a256-cb1082eb2227
726,12/16/2022-14:36:42,61,7,7,7,6,7,7,4,4,4,60c0fe2e-7d40-11ed-a256-cb1082eb2227
727,12/16/2022-15:59:34,20,2,2,4,3,6,7,4,5,3,864005cc-7d5a-11ed-a256-cb1082eb2227
728,12/16/2022-16:00:05,14,4,4,3,5,4,5,3,3,3,864005cc-7d5a-11ed-a256-cb1082eb2227
729,12/16/2022-17:45:16,33,5,4,5,6,6,7,4,3,4,3deadc3e-7d69-11ed-a256-cb1082eb2227
730,12/16/2022-17:45:45,20,2,4,7,7,7,7,7,7,7,3deadc3e-7d69-11ed-a256-cb1082eb2227
731,12/16/2022-17:46:26,80,1,6,6,7,7,7,5,5,6,3deadc3e-7d69-11ed-a256-cb1082eb2227
732,12/16/2022-17:46:52,79,2,7,7,7,7,7,7,7,7,3deadc3e-7d69-11ed-a256-cb1082eb2227
733,12/16/2022-17:47:32,16,3,4,6,7,7,7,4,5,4,3deadc3e-7d69-11ed-a256-cb1082eb2227
734,12/16/2022-17:48:04,88,2,7,7,7,7,7,7,7,7,3deadc3e-7d69-11ed-a256-cb1082eb2227
735,12/16/2022-17:48:42,2,1,2,4,5,7,7,4,3,4,3deadc3e-7d69-11ed-a256-cb1082eb2227
736,12/16/2022-17:49:14,28,3,4,6,7,7,7,7,7,7,3deadc3e-7d69-11ed-a256-cb1082eb2227
737,12/16/2022-17:49:41,8,4,6,7,7,7,7,2,3,2,3deadc3e-7d69-11ed-a256-cb1082eb2227
738,12/16/2022-17:50:08,84,2,5,7,7,7,7,7,5,7,3deadc3e-7d69-11ed-a256-cb1082eb2227
739,12/16/2022-17:50:45,101,1,4,2,2,2,3,6,6,6,3deadc3e-7d69-11ed-a256-cb1082eb2227
740,12/16/2022-17:51:19,46,7,7,7,7,7,7,5,4,4,3deadc3e-7d69-11ed-a256-cb1082eb2227
741,12/16/2022-17:51:43,21,5,5,7,7,7,7,4,5,4,3deadc3e-7d69-11ed-a256-cb1082eb2227
742,12/16/2022-17:52:09,12,2,7,7,7,7,7,2,3,2,3deadc3e-7d69-11ed-a256-cb1082eb2227
743,12/16/2022-17:52:43,11,5,6,6,7,7,7,4,2,2,3deadc3e-7d69-11ed-a256-cb1082eb2227
744,12/16/2022-17:53:11,87,4,5,7,7,7,7,7,7,7,3deadc3e-7d69-11ed-a256-cb1082eb2227
745,12/16/2022-17:53:35,42,7,7,7,7,7,7,6,5,5,3deadc3e-7d69-11ed-a256-cb1082eb2227
746,12/16/2022-17:54:01,6,3,6,6,7,7,7,2,2,2,3deadc3e-7d69-11ed-a256-cb1082eb2227
747,12/16/2022-17:54:22,73,7,7,7,7,7,7,4,4,3,3deadc3e-7d69-11ed-a256-cb1082eb2227
748,12/16/2022-17:54:49,22,4,6,4,6,7,7,4,4,3,3deadc3e-7d69-11ed-a256-cb1082eb2227
749,12/16/2022-18:36:46,66,6,6,4,5,5,5,4,5,3,81b428ec-7d70-11ed-a256-cb1082eb2227
750,12/16/2022-18:37:22,38,7,7,7,7,6,5,4,4,5,81b428ec-7d70-11ed-a256-cb1082eb2227
751,12/16/2022-18:37:47,31,1,1,3,4,7,7,3,3,3,81b428ec-7d70-11ed-a256-cb1082eb2227
752,12/16/2022-18:38:15,87,1,1,6,6,5,5,6,5,5,81b428ec-7d70-11ed-a256-cb1082eb2227
753,12/16/2022-18:40:46,17,1,1,4,5,5,4,4,4,5,81b428ec-7d70-11ed-a256-cb1082eb2227
754,12/16/2022-19:28:09,20,3,6,6,7,7,7,6,5,5,ab729720-7d77-11ed-a256-cb1082eb2227
755,12/16/2022-20:22:46,66,3,5,2,3,3,5,4,5,5,4e69523c-7d7f-11ed-a256-cb1082eb2227
756,12/16/2022-20:23:28,38,6,6,5,6,6,6,5,6,4,4e69523c-7d7f-11ed-a256-cb1082eb2227
757,12/16/2022-20:23:51,31,2,2,2,3,3,2,2,2,2,4e69523c-7d7f-11ed-a256-cb1082eb2227
758,12/16/2022-20:24:24,87,1,1,4,5,6,6,7,7,6,4e69523c-7d7f-11ed-a256-cb1082eb2227
759,12/16/2022-20:24:54,17,3,3,5,5,4,3,5,4,5,4e69523c-7d7f-11ed-a256-cb1082eb2227
760,12/16/2022-20:25:29,68,7,7,5,3,3,3,2,2,2,4e69523c-7d7f-11ed-a256-cb1082eb2227
761,12/16/2022-20:25:53,19,1,1,3,5,5,4,5,4,5,4e69523c-7d7f-11ed-a256-cb1082eb2227
762,12/16/2022-20:26:14,24,5,5,3,3,3,3,2,2,3,4e69523c-7d7f-11ed-a256-cb1082eb2227
763,12/16/2022-20:26:38,58,6,6,6,6,6,4,5,3,4,4e69523c-7d7f-11ed-a256-cb1082eb2227
764,12/16/2022-20:27:16,21,3,2,5,4,3,3,4,2,3,4e69523c-7d7f-11ed-a256-cb1082eb2227
765,12/16/2022-20:27:37,92,1,1,5,6,6,5,4,4,5,4e69523c-7d7f-11ed-a256-cb1082eb2227
766,12/16/2022-20:28:09,69,6,6,6,6,6,4,5,6,5,4e69523c-7d7f-11ed-a256-cb1082eb2227
767,12/16/2022-20:28:38,100,1,1,5,3,6,5,4,4,4,4e69523c-7d7f-11ed-a256-cb1082eb2227
768,12/16/2022-20:29:19,40,6,6,6,5,3,3,2,2,3,4e69523c-7d7f-11ed-a256-cb1082eb2227
769,12/16/2022-20:29:40,86,1,1,4,5,5,4,6,6,6,4e69523c-7d7f-11ed-a256-cb1082eb2227
770,12/16/2022-20:30:24,44,6,6,6,5,6,4,5,4,4,4e69523c-7d7f-11ed-a256-cb1082eb2227
771,12/16/2022-20:31:22,37,2,2,3,2,3,3,4,3,4,4e69523c-7d7f-11ed-a256-cb1082eb2227
772,12/16/2022-20:31:46,84,1,1,6,5,6,3,6,5,6,4e69523c-7d7f-11ed-a256-cb1082eb2227
773,12/16/2022-20:32:25,23,2,2,2,2,3,3,4,4,4,4e69523c-7d7f-11ed-a256-cb1082eb2227
774,12/16/2022-20:32:48,49,7,7,3,3,2,3,3,2,3,4e69523c-7d7f-11ed-a256-cb1082eb2227
775,12/16/2022-20:39:06,105,1,1,6,7,4,6,7,7,7,a181fdb4-7d81-11ed-a256-cb1082eb2227
776,12/16/2022-20:40:45,84,1,1,7,7,4,6,7,6,7,a181fdb4-7d81-11ed-a256-cb1082eb2227
777,12/16/2022-20:41:09,45,7,7,3,4,3,4,3,2,2,a181fdb4-7d81-11ed-a256-cb1082eb2227
778,12/16/2022-20:41:25,85,1,1,6,6,5,6,7,7,7,a181fdb4-7d81-11ed-a256-cb1082eb2227
779,12/16/2022-20:41:46,33,1,1,3,4,4,7,5,4,3,a181fdb4-7d81-11ed-a256-cb1082eb2227
780,12/16/2022-20:42:05,96,1,1,6,4,4,5,4,4,3,a181fdb4-7d81-11ed-a256-cb1082eb2227
781,12/16/2022-20:42:24,64,7,7,3,3,3,4,5,5,3,a181fdb4-7d81-11ed-a256-cb1082eb2227
782,12/16/2022-20:42:36,100,1,1,6,6,6,6,7,7,7,a181fdb4-7d81-11ed-a256-cb1082eb2227
783,12/16/2022-20:42:55,88,1,1,4,4,5,6,6,6,5,a181fdb4-7d81-11ed-a256-cb1082eb2227
784,12/16/2022-20:43:11,80,1,1,5,5,4,5,4,6,3,a181fdb4-7d81-11ed-a256-cb1082eb2227
785,12/16/2022-20:43:26,39,7,7,3,3,3,5,3,4,3,a181fdb4-7d81-11ed-a256-cb1082eb2227
786,12/16/2022-20:43:39,58,7,7,6,3,4,5,3,4,3,a181fdb4-7d81-11ed-a256-cb1082eb2227
787,12/16/2022-20:43:56,93,1,1,6,4,6,6,7,7,5,a181fdb4-7d81-11ed-a256-cb1082eb2227
788,12/16/2022-20:44:08,106,1,1,7,7,7,7,7,7,6,a181fdb4-7d81-11ed-a256-cb1082eb2227
789,12/16/2022-20:44:25,51,7,7,4,4,5,5,4,4,3,a181fdb4-7d81-11ed-a256-cb1082eb2227
790,12/16/2022-20:44:44,30,1,5,5,5,5,5,4,1,4,a181fdb4-7d81-11ed-a256-cb1082eb2227
791,12/16/2022-20:45:05,70,7,7,6,4,6,5,2,3,3,a181fdb4-7d81-11ed-a256-cb1082eb2227
792,12/16/2022-20:45:24,12,2,6,3,3,4,5,4,3,3,a181fdb4-7d81-11ed-a256-cb1082eb2227
793,12/16/2022-20:45:48,5,1,3,5,5,4,5,3,3,3,a181fdb4-7d81-11ed-a256-cb1082eb2227
794,12/16/2022-20:46:03,40,7,7,4,3,3,3,2,2,3,a181fdb4-7d81-11ed-a256-cb1082eb2227
795,12/16/2022-20:46:25,44,7,7,7,7,6,6,5,4,3,a181fdb4-7d81-11ed-a256-cb1082eb2227
796,12/16/2022-20:46:43,28,1,1,4,5,5,6,6,6,5,a181fdb4-7d81-11ed-a256-cb1082eb2227
797,12/16/2022-20:46:57,77,1,1,6,6,7,6,7,7,7,a181fdb4-7d81-11ed-a256-cb1082eb2227
798,12/16/2022-20:47:12,72,7,7,7,6,6,6,6,6,6,a181fdb4-7d81-11ed-a256-cb1082eb2227
799,12/16/2022-20:47:27,59,7,7,4,3,3,3,2,2,2,a181fdb4-7d81-11ed-a256-cb1082eb2227
